0.075205,-2.2649,1.3238,0.36254,3.4325,3.455,-1.7125,-1.7334,-0.909,2.2705,0.4442,2.279,19.973,2.5869,5.7359,-2.5777,-0.56981,2.0639,-0.63925,-1.1003,1.5898,-0.13175,6
0.013695,-1.7497,1.2739,0.34165,3.1378,3.1219,-1.5478,-1.5634,-1.3165,2.3209,1.0349,2.3029,19.823,2.954,4.974,-0.33026,2.4366,2.416,-0.83128,-0.060776,-0.067356,-1.613,7
0.27059,-2.7985,1.8894,0.43872,3.6072,3.5872,-2.1828,-2.1991,-1.7301,2.5169,1.1231,2.4203,23.923,2.6288,7.5621,-1.7001,2.5913,5.0413,-0.8791,0.11403,1.0426,1.2686,6
0.0015158,-1.3787,1.2691,0.22259,2.0653,2.0953,-0.75344,-0.73375,-1.2525,2.1872,0.8706,2.2055,22.562,3.5868,4.6197,-1.4593,1.7342,3.2258,-1.6299,-0.24029,-1.0881,-2.5778,2
0.074574,-2.0114,1.4866,0.39294,3.5256,3.5084,-1.9156,-1.9463,-1.4926,2.4487,1.4507,2.4689,26.813,2.9871,7.9662,-1.3034,1.8836,4.7128,0.51076,-0.13841,0.83441,0.72841,7
0.023471,-1.6718,1.2371,0.34892,3.2034,3.2366,-1.5019,-1.5078,-0.6665,2.2501,1.0835,2.2428,19.505,3.2866,4.8775,-3.0121,-1.0355,1.5878,1.0607,-2.499,1.1667,0.040937,3
0.023899,-1.8604,1.2261,0.33833,3.2028,3.2322,-1.6366,-1.6794,-1.3417,2.3271,0.914,2.3255,24.742,1.7794,6.4983,-1.9143,3.1501,4.9247,-0.45089,-0.67044,0.12388,-1.1657,1
0.07975,-1.9181,1.7068,0.40229,3.3059,3.295,-1.8484,-1.8494,-1.1355,2.6188,2.4571,2.5831,25.913,3.9545,7.5894,-1.8892,0.89,4.5075,1.2232,0.21549,-0.53857,1.2674,5
0.14052,-2.9258,1.1746,0.2991,3.0259,3.0041,-1.2678,-1.2644,-1.2001,2.3611,1.1221,2.3099,18.993,2.5118,4.6494,-0.75373,1.3672,1.3323,0.18426,1.8842,0.49905,-2.0228,4
0.0028462,-1.509,1.2177,0.30126,2.5134,2.5356,-1.2331,-1.2459,-2.0078,2.0577,0.7548,2.2117,22.258,8.6673,4.4736,-0.66292,3.2873,1.9882,-4.5409,-1.7301,0.97482,-1.3324,5
0.13007,-2.0738,1.665,0.34488,3.1684,3.1625,-1.555,-1.5494,-1.0405,2.3159,0.5654,2.2156,23.877,1.1767,8.4865,-0.75994,3.7494,4.4474,-1.1079,-1.4832,1.0314,-1.0484,3
0.15395,-2.1695,1.9136,0.40431,3.5966,3.5694,-1.9272,-1.9581,-1.6941,2.5818,1.3247,2.566,23.457,2.8143,6.7125,-0.75331,3.1884,4.1939,-0.50126,-0.072906,0.84766,0.53333,3
0.0059131,-1.3486,1.1854,0.28417,2.4819,2.4863,-1.0919,-1.0953,-1.5491,2.3272,0.9031,2.3294,24.846,4.2994,3.1238,-1.9414,1.0973,3.8987,-2.1845,-0.34106,-1.2994,-1.3914,3
0.18314,-3.5634,1.2308,0.21174,1.9741,1.9888,-0.56781,-0.58469,-1.466,1.9931,1.3202,2.0566,16.158,6.4048,6.9173,-0.83785,2.5493,1.7723,-1.337,3.3451,1.1803,-0.32249,4
0.080234,-2.0144,1.5808,0.39582,3.3425,3.3312,-1.8184,-1.8375,-1.2853,2.3895,1.3634,2.4423,26.18,2.9019,8.1527,-1.1218,1.8135,4.5931,0.57207,-0.060142,0.74,0.80208,7
0.051822,-1.8898,1.4146,0.25557,2.3188,2.3516,-0.95031,-0.97188,-1.5515,2.061,0.655,2.322,22.237,8.2098,6.3918,-1.2857,1.9581,0.55852,-3.1715,-1.3763,1.6589,-1.3924,2
0.011664,-1.7123,1.0889,0.32532,3.0581,3.0544,-1.4238,-1.3866,-1.3285,2.1279,1.51,1.914,19.363,2.474,1.602,-2.7236,3.6139,3.8982,-0.50715,0.37424,0.80065,-1.4457,2
0.039984,-1.9879,1.303,0.32235,3.1053,3.0922,-1.4981,-1.4934,-1.2584,2.4592,1.2434,2.2175,24.395,1.7961,3.3995,-2.1125,4.6197,4.4765,-0.14111,0.46503,0.61862,-0.19959,2
0.0074177,-1.5638,1.1899,0.3574,3.1694,3.2122,-1.5391,-1.5462,-0.4882,2.2066,1.2547,2.2634,20.461,2.6347,4.1327,-3.9051,-1.0076,2.3052,0.53773,-1.8345,0.90754,-0.37779,5
0.016897,-1.7434,1.3529,0.34597,3.2981,3.2844,-1.5934,-1.6091,-1.3993,2.3744,1.0494,2.3579,19.789,2.5945,5.8344,-0.46836,3.0424,2.5977,-1.0635,-0.065631,0.43316,-1.392,7
0.013349,-1.605,1.4398,0.36097,3.2819,3.2791,-1.6547,-1.6413,-0.7386,2.2904,0.389,2.1782,23.813,1.1186,6.8825,-0.93434,4.3615,4.6601,-1.4753,-2.09,0.31683,-1.7484,1
0.0026614,-1.49,1.3396,0.37238,3.2231,3.1759,-1.7634,-1.7534,-1.8704,2.3852,1.5881,2.267,23.095,6.1947,1.8254,-0.28468,3.4164,3.7701,0.074732,-1.4354,1.5033,0.92222,6
0.0017561,-1.5039,1.2632,0.22361,2.1934,2.2122,-0.7175,-0.70063,-1.4419,2.2828,0.738,2.3054,23.147,3.1846,3.9339,-1.6926,2.0511,2.9694,-2.2926,0.011752,-1.1253,-2.2225,2
0.021687,-1.0797,1.2154,0.26548,2.1097,2.1103,-1.0503,-1.0334,-0.6552,2.1389,1.0167,2.0789,23.178,4.5646,3.9146,-1.9779,2.2436,4.5528,-0.74635,-0.39018,-1.3448,-1.6791,1
0.026816,-1.8983,1.2148,0.31358,2.9572,2.8906,-1.4775,-1.4491,-1.7406,2.3073,0.7525,1.9627,26.373,1.0076,3.2795,-3.0901,5.0725,3.1116,-1.2563,1.0241,1.3453,-0.088906,2
0.016472,-1.3124,1.2841,0.32045,2.6325,2.6619,-1.3944,-1.3634,-1.5633,2.3729,1.1504,2.345,25.189,5.9,3.9958,-1.0369,0.30319,4.2821,-1.7252,-0.4851,-1.5459,-0.9707,7
0.021979,-1.6028,1.217,0.36186,3.0997,3.125,-1.5531,-1.5509,-0.8165,2.2073,0.7284,2.2214,21.054,2.8036,5.6555,-1.6889,-0.10386,2.7865,-0.058366,-0.97608,0.92384,-0.90428,7
0.0061886,-1.6021,1.222,0.30444,2.6644,2.6159,-1.2781,-1.2737,-1.4053,2.3097,1.4712,2.1958,24.693,7.0272,2.5449,0.2836,3.4846,3.1419,1.3348,-0.66012,0.9518,0.19508,4
0.010846,-2.0539,0.90818,0.30823,2.9003,2.8828,-1.2088,-1.2091,-1.0161,2.1293,1.1905,2.1425,19.315,2.5374,5.4258,-0.82654,1.4798,1.81,0.028189,1.8176,-0.46671,-1.7419,4
0.024431,-1.6383,0.87671,0.37549,3.4631,3.5016,-1.7697,-1.7359,-1.207,2.0774,1.3596,2.0534,23.837,2.4143,2.4927,-5.4354,1.91,5.9692,-1.8761,0.84381,2.6154,-1.2314,5
0.015052,-1.709,1.1047,0.40069,3.2909,3.2675,-1.8972,-1.8934,-1.3588,2.5985,1.1065,2.5649,20.757,8.6921,3.5831,-3.3166,0.34166,3.2295,-1.2519,-1.1882,-0.27996,-0.30023,7
0.051228,-1.2932,1.2197,0.31975,2.7484,2.6878,-1.3541,-1.3494,-1.0513,2.0914,0.9742,2.0259,23.038,5.7648,2.5604,-1.1918,4.5424,3.2575,1.2669,-1.2563,1.6672,-0.6388,1
0.0065704,-1.6496,1.1289,0.27191,2.5825,2.6644,-1.0778,-1.0397,-0.7852,2.1639,0.6502,1.9537,8.7132,2.1214,3.0783,-2.0242,1.1318,2.8782,-0.51615,-2.1745,0.44033,-1.3887,1
0.13771,-2.1436,1.6969,0.30698,2.6272,2.6225,-1.3066,-1.3391,-1.2609,2.0263,1.5064,2.1368,16.824,8.1323,8.5655,-1.4461,1.7583,3.5277,-0.77413,0.57509,1.0378,-0.40917,3
0.0071243,-1.6053,1.4093,0.31734,2.6422,2.7247,-1.3556,-1.3847,-0.7075,1.959,0.6018,2.3272,19.218,-0.81178,5.9329,-3.4433,1.065,-0.14288,-0.0179,0.24213,2.1498,1.2478,1
0.018448,-1.867,1.222,0.31835,2.9591,2.9359,-1.1828,-1.2381,-2.6746,2.2763,1.7729,2.5061,19.107,5.1881,5.2523,-0.81109,-0.37701,1.0141,-1.2428,-0.42399,-1.0745,0.64165,3
0.13641,-2.8859,0.9955,0.30869,2.7659,2.7528,-1.1897,-1.1922,-1.0062,2.1103,1.1772,2.137,20.111,2.6263,4.4613,-0.76302,1.2987,1.325,0.19512,2.1971,0.62931,-1.7579,4
0.051859,-1.3266,1.2059,0.31684,2.7609,2.6934,-1.3459,-1.3591,-1.3415,2.1181,0.7744,2.109,23.268,5.8176,2.4084,-1.2823,3.4192,3.2595,0.0013053,-1.8781,1.845,-0.57356,1
0.041539,-2.0264,1.1646,0.33373,2.9241,2.9472,-1.2953,-1.2975,-0.9293,2.1766,0.7396,2.2178,24.513,1.8827,8.1115,0.60526,1.9122,3.8132,-0.82673,0.032513,0.88977,-1.4939,5
0.22881,-1.8816,2.9777,0.40684,3.4034,3.4119,-2.1819,-2.1812,-1.94,2.3763,1.4858,2.1291,15.929,7.2615,6.6084,-1.847,4.3824,5.879,-2.9718,0.21549,0.67115,1.5911,6
0.0037744,-1.5472,1.2139,0.29861,2.6522,2.5875,-1.2641,-1.2541,-0.8271,2.0496,1.0441,1.9157,23.027,5.9791,2.6709,-1.3302,4.8596,3.23,2.1447,-0.39189,0.93921,-1.4961,2
0.14428,-2.3507,1.7765,0.43055,4.0272,3.9716,-2.205,-2.2281,-2.0849,2.5319,2.0309,2.6416,19.233,3.6545,2.2179,-2.2978,0.94831,4.1735,-2.3638,-1.0706,0.56954,1.4997,6
0.0028927,-1.5285,1.2214,0.32954,2.8434,2.7944,-1.4956,-1.4688,-0.8923,2.191,1.6893,1.9884,22.997,6.4684,2.148,-1.5587,4.5787,3.8261,2.0176,-0.34912,0.2454,-0.25744,3
0.15681,-2.9468,1.316,0.22405,2.0159,2.0347,-0.65625,-0.67188,-0.7491,1.9963,0.4188,2.1507,19.966,2.5456,6.5232,-1.299,-0.5355,0.12867,-0.5242,1.9862,2.5861,-0.3769,4
0.014253,-1.2494,1.2269,0.2714,2.3459,2.4013,-1.0525,-1.0272,-1.3442,2.3472,1.2426,2.4144,24.522,4.7442,3.0734,-1.8407,1.706,3.8827,-1.6249,-0.47325,-1.1952,-2.1391,5
0.003042,-1.6505,1.1984,0.3097,2.9984,2.9466,-1.3491,-1.3584,-1.8631,2.1338,-0.0276,1.9278,18.583,2.369,1.248,-3.2772,3.3042,2.6975,-2.6793,-0.76023,1.4257,-1.1818,1
0.0085638,-1.5689,1.2362,0.35143,2.9906,3.0175,-1.6584,-1.6525,-1.508,2.186,1.2432,2.2738,22.013,9.3564,4.4393,-0.90559,1.9681,2.9125,-2.3511,-0.98808,0.6427,-1.0475,7
0.14743,-2.3684,1.3969,0.27096,2.3228,2.2784,-0.99,-0.985,-1.8574,1.959,0.9905,1.9162,22.162,8.3603,3.8421,-0.62367,4.8238,2.161,-2.6041,1.655,3.1662,-1.4584,3
0.014148,-1.317,1.2765,0.35348,2.9341,2.9625,-1.63,-1.5953,-1.4492,2.4211,1.1722,2.3622,25.096,5.875,3.7538,-1.0934,0.51705,4.3078,-1.6804,-0.35601,-1.4228,-0.67557,7
0.10858,-2.1332,1.5461,0.32629,2.8516,2.8522,-1.3959,-1.4172,-1.501,2.1591,1.6133,2.2413,17.803,8.475,8.6863,-1.6505,2.0304,4.3244,-0.67799,0.79549,1.053,-0.63523,3
0.018244,-1.4759,1.2388,0.34363,3.1156,3.0491,-1.6313,-1.6072,-1.2517,2.2619,1.5846,2.0789,22.545,6.4397,1.472,-1.6485,3.9713,3.6269,1.6479,-0.76259,0.80514,-0.34875,3
0.26304,-2.321,1.8215,0.35475,3.1106,3.1069,-1.6903,-1.6766,-2.1648,2.4579,0.85782,2.5185,22.408,3.38,4.9397,-2.6726,1.4834,3.9031,-3.2573,-0.088215,-0.47763,0.70108,6
0.19983,-2.1227,2.0013,0.41224,3.3872,3.4116,-2.1944,-2.2225,-1.9165,2.5475,1.6074,2.4501,17.572,3.8952,2.5053,-2.7971,1.6566,4.1852,-2.2274,-0.83151,0.46126,1.2667,6
0.02365,-1.9543,1.3523,0.3715,3.6,3.5981,-1.7141,-1.7341,-1.3539,2.4444,1.5161,2.4683,24.783,3.0403,8.1533,-1.2996,1.0085,3.7922,0.96884,1.0001,0.67774,0.72792,4
0.016837,-1.5254,1.3349,0.30394,2.5806,2.5822,-1.3153,-1.3028,-1.8405,2.1594,1.2017,2.2157,22.644,9.2817,4.5982,-0.098588,3.0057,2.8793,-2.688,-0.79459,0.8523,-1.0681,5
0.02803,-1.5176,1.3514,0.2745,2.2703,2.2697,-1.1478,-1.1453,-0.8864,2.1052,1.6552,2.0612,14.493,6.7379,6.9581,-3.9472,3.1759,5.3352,0.61161,-0.26044,-0.65742,-1.26,5
0.00043956,-1.5093,1.2848,0.30634,2.7591,2.7281,-1.3894,-1.4303,-2.1329,2.0972,-0.15255,2.2677,23.213,7.8882,3.7712,-1.6524,3.8162,1.3171,-5.7039,-3.2041,1.5979,-0.50895,1
0.027639,-1.8547,1.1857,0.34585,3.1216,3.0863,-1.3587,-1.4059,-1.9234,2.1141,1.5322,2.2499,18.559,3.3015,5.0758,-0.27494,1.5224,1.7353,-1.2811,0.24496,-0.30078,-0.38403,3
0.58621,-3.7003,2.3628,0.29378,2.4797,2.4925,-1.7122,-1.6791,-1.8924,2.7477,1.8653,2.6447,24.162,3.449,1.4744,-4.8173,2.1202,6.0914,-2.1778,0.72877,1.9762,-0.71627,5
0.016686,-1.6534,1.1305,0.2628,2.5159,2.5319,-1.0122,-0.99844,-0.9083,2.1265,0.5157,2.0206,27.773,7.9239,6.9009,-5.1086,2.2424,1.5233,0.24741,-0.53612,1.0713,-3.4104,2
0.61585,-3.1898,2.9271,0.41915,3.4269,3.4453,-2.3672,-2.3606,-1.6143,2.344,1.5225,2.0668,15.897,7.0733,7.3587,-2.9088,4.4546,6.069,-2.5732,0.25742,0.59933,1.5079,6
0.013342,-2.199,1.0954,0.33879,3.4925,3.5384,-1.3609,-1.3297,-1.4164,2.4399,2.0011,2.3783,24.024,3.8289,2.3345,-3.7193,0.14696,5.5024,-1.3909,2.1419,0.87677,0.42177,4
0.0090765,-1.4489,1.1692,0.2948,2.4531,2.5028,-1.0953,-1.1019,-0.4823,2.1374,1.1641,2.1798,20.932,2.8155,4.1838,-3.8182,-1.1174,2.5269,0.42979,-1.9289,0.75121,-0.34793,5
0.036152,-1.5401,1.3767,0.29877,2.4894,2.4972,-1.3134,-1.3075,-0.7695,2.025,1.2033,2.0277,16.071,7.9026,7.4903,-3.9355,3.7582,5.8902,-0.22452,-1.0553,0.029938,-1.7636,1
0.0015657,-2.2585,0.91871,0.22704,2.16,2.1288,-0.78906,-0.78969,-1.0938,2.2483,1.1637,2.2136,26.003,9.1082,6.3849,-3.1284,1.6293,1.5132,-0.10817,2.6525,0.50604,-0.90412,4
0.6195,-3.828,2.334,0.29684,2.4863,2.4916,-1.7788,-1.7456,-1.729,2.687,1.7761,2.5173,23.318,2.5726,1.5488,-5.0869,2.3206,5.9518,-1.9272,0.85155,2.2883,-0.67637,5
0.034774,-1.963,1.165,0.33523,2.9356,2.9553,-1.3038,-1.3184,-1.0705,2.1633,0.6168,2.1959,24.678,1.8747,7.1038,1.2256,2.1266,3.9982,-1.4516,-0.12539,1.037,-1.4115,4
0.027068,-1.6412,1.1392,0.35876,3.0469,3.0734,-1.5197,-1.5178,-0.7458,2.1456,0.6308,2.1458,20.889,2.9787,5.2768,-2.0016,-0.60731,2.4882,-0.11436,-1.0994,1.0422,-0.97252,7
0.03198,-1.7462,1.5013,0.35365,3.1412,3.1538,-1.5528,-1.5559,-1.4805,2.2447,1.0833,2.2991,24.895,1.884,7.5883,0.41711,2.5348,4.6569,-0.82513,-1.4495,0.81094,-1.2883,5
0.033718,-1.5673,0.95829,0.30813,2.84,2.8816,-1.3769,-1.3291,-1.3671,2.0959,-0.0614,1.776,19.828,1.5837,1.3909,-4.5299,3.5018,3.2815,-2.1419,-0.92198,1.592,-1.4851,1
0.10202,-1.7223,1.7288,0.25849,1.9822,2.0844,-1.0728,-1.0594,-1.2189,2.0212,0.9583,2.1063,17.807,7.7937,9.0641,-2.947,2.4124,1.8038,-0.70889,-1.2582,1.087,-1.172,2
0.031595,-1.966,1.5037,0.35546,3.21,3.2194,-1.5956,-1.5997,-1.0575,2.4813,1.7215,2.4846,24.957,3.0777,8.1094,-1.3724,0.76248,3.829,1.3289,1.3171,0.29088,0.75829,4
0.0055739,-1.6758,1.0417,0.32636,3.0184,3.0259,-1.3578,-1.3269,-1.182,2.0455,1.2948,1.914,19.896,2.6347,1.5764,-3.0791,3.3632,4.0178,-0.72261,0.15851,0.97586,-1.804,2
0.15852,-2.2424,1.6839,0.2931,2.5178,2.5137,-1.1772,-1.2038,-1.3085,2.0063,1.4924,2.1193,15.711,7.4041,8.4502,-1.6681,2.3119,3.3182,-0.78135,0.47327,1.2018,-0.38206,3
0.03399,-1.7395,0.76607,0.39547,3.7322,3.7653,-1.8716,-1.8481,-1.052,2.2506,1.0674,2.2952,24.619,2.422,3.636,-5.8123,1.1147,6.1152,-2.2257,1.0611,2.5699,-0.91476,7
0.031903,-1.7124,1.48,0.35343,3.0906,3.1009,-1.5713,-1.5716,-1.4135,2.1915,1.0449,2.2896,24.535,2.1717,7.3793,0.1033,1.8472,4.3558,-0.8463,-1.6172,0.69455,-1.2441,5
0.1119,-1.9233,1.7195,0.36853,3.1369,3.1897,-1.7141,-1.7072,-1.9635,2.4411,2.0489,2.5389,21.819,9.3617,7.1721,-1.5051,1.5899,2.5413,-1.3499,-0.024289,1.4387,0.66355,6
0.00012557,-2.0443,0.88596,0.26518,2.3872,2.4031,-0.95781,-0.96062,-1.48,2.2623,0.5666,2.3439,23.665,3.8965,3.2147,-0.4169,0.76294,2.302,-3.2792,0.73491,-1.5963,-1.0866,4
0.15099,-2.1959,1.4657,0.23641,2.1809,2.2291,-0.78812,-0.81156,-1.2522,2.0295,0.794,2.3019,20.934,7.7544,7.0577,-1.6737,1.525,-0.19469,-1.8841,-0.71363,2.1217,-1.0868,2
0.1425,-2.1639,1.8493,0.42093,3.7419,3.6981,-2.0053,-2.0506,-2.0201,2.6504,1.495,2.6773,24.133,3.182,7.2723,-0.87842,2.5377,4.3624,0.0050457,-0.26882,0.70832,0.64034,3
0.14394,-1.8935,1.5539,0.35799,3.1272,3.1088,-1.7437,-1.725,-2.3072,2.4318,0.73917,2.3843,24.126,3.3659,3.4078,-2.9755,1.437,3.9999,-3.6349,-0.56981,-0.3876,0.72865,6
0.13512,-2.465,1.4609,0.41998,3.855,3.8262,-2.0059,-1.9863,-1.1101,1.1443,1.2351,1.0336,18.912,-0.53217,5.8747,-5.2676,6.6972,0.61023,-2.1051,0.52134,-0.75129,2.1727,6
0.15991,-2.8977,1.3438,0.22145,1.9675,1.9941,-0.61,-0.61438,-0.7544,2.0118,0.5353,2.1123,20.298,2.638,6.6497,-1.3533,-0.5866,0.12772,-0.48867,2.0233,2.5421,-0.27282,4
0.052192,-1.7774,1.4594,0.32127,2.96,2.9744,-1.5081,-1.4997,-0.7867,2.2622,0.4567,2.1896,24.348,1.1353,8.4056,-0.91875,4.2689,4.4119,-0.86238,-1.7216,0.40976,-1.7408,2
0.040184,-1.9128,1.462,0.39567,3.7287,3.705,-1.8138,-1.7916,-1.7421,2.2428,2.0526,2.1641,19.15,3.6149,1.9063,-1.3416,2.8111,4.2224,-0.98014,0.83848,1.4438,-0.59966,3
0.024273,-1.6521,1.4925,0.35502,3.1706,3.1684,-1.6281,-1.6097,-0.7258,2.3373,0.518,2.2138,17.643,1.3884,6.1351,-0.85839,3.0492,4.0236,-1.039,-2.0266,0.23031,-1.5232,1
0.012001,-1.3135,1.253,0.31501,2.695,2.6769,-1.4063,-1.3966,-1.5615,2.3628,1.0334,2.3561,26.392,4.5232,3.0668,-2.0795,1.1033,4.2931,-1.9019,-0.62575,-1.0502,-0.77888,3
0.023604,-1.4424,1.1856,0.30069,2.5962,2.59,-1.2516,-1.2406,-1.9118,2.3742,0.9459,2.3206,23.831,3.8665,2.3786,-1.632,1.3036,3.701,-2.2843,-0.47204,-0.64002,-0.77731,3
0.019965,-1.3158,1.2843,0.35861,3.0228,3.0494,-1.6828,-1.6481,-1.6361,2.423,1.0678,2.3819,25.099,5.8428,3.1985,-1.0461,0.036092,3.9679,-2.2145,-0.90497,-1.1483,-0.63493,7
0.031302,-1.4603,1.1024,0.26309,2.3131,2.3413,-0.975,-0.97344,-1.2867,2.2376,1.0829,2.2438,24.666,4.8374,2.574,-2.1477,0.90639,4.1569,-2.2791,-0.74588,-1.1921,-1.3302,5
0.17526,-2.3159,1.7683,0.40361,3.4362,3.4647,-1.9522,-1.9356,-1.2237,2.3382,0.7859,2.3533,26.182,1.776,9.4061,-0.61844,2.5172,5.0049,-1.4223,-1.0791,1.1279,-0.41868,6
0.025616,-1.471,0.96504,0.28892,2.5991,2.6012,-1.3394,-1.3322,-0.396,2.1164,0.4513,2.0888,26.234,7.2569,5.9007,-8.597,2.16,2.9227,-0.091433,-1.4989,2.0992,-2.8598,1
0.0076173,-1.6151,1.3178,0.27206,2.5547,2.5375,-1.0656,-1.0503,0.0776,2.2499,1.2611,2.0562,18.929,2.4509,3.5948,-3.4143,1.2574,3.0255,1.4249,-1.6238,-0.69573,0.2679,2
0.026225,-1.4408,1.1729,0.33882,2.9466,2.8831,-1.5613,-1.5328,-0.8638,2.2012,1.5359,1.9814,23.055,6.4109,1.7534,-1.5093,4.6257,3.7696,2.2264,-0.48361,0.32255,-0.24035,3
0.01374,-1.3751,1.1898,0.26737,2.3272,2.245,-1.0503,-1.0184,-0.804,2.057,1.1117,1.7908,23.307,6.0118,1.2009,-1.7508,4.7243,2.8399,1.7075,0.18973,0.74641,-0.86289,2
0.023101,-1.6926,1.1732,0.26629,2.5441,2.5491,-1.0159,-1.0106,-1.5274,2.1223,0.8849,2.1023,26.648,8.6541,6.7499,-3.2283,1.6086,1.5556,0.12122,-0.066509,0.30261,-2.6067,2
0.0022179,-1.6524,1.0664,0.28836,2.4328,2.4562,-1.1256,-1.1356,-1.7528,2.0722,0.7271,2.2287,22.31,8.5845,4.3324,0.024946,2.084,1.3896,-3.8873,-0.75565,0.29152,-0.84344,4
0.052536,-1.9578,1.2892,0.38186,3.7553,3.7509,-1.7294,-1.7031,-1.3861,1.3252,1.1898,1.054,19.214,1.3944,3.9142,-2.9214,5.7583,0.60044,-1.9686,0.91063,-0.96326,-0.27658,3
0.14825,-2.9609,1.2516,0.22735,2.1522,2.1691,-0.66781,-0.67531,-0.7813,2.1014,0.551,2.2237,20.594,2.3758,6.2699,-1.2222,-0.572,0.29918,-0.6787,2.2087,2.2976,-0.81243,4
0.019107,-1.7478,1.1717,0.20104,2.0316,1.9606,-0.5825,-0.55344,-0.8111,2.1406,1.153,1.9245,19.951,1.7004,2.0709,-1.0287,4.5209,1.6194,-0.19657,1.7084,-0.92601,-1.3027,2
0.007672,-1.5683,0.908,0.3227,2.7053,2.7637,-1.4909,-1.5,-0.2809,2.0548,0.1017,2.0415,18.4,2.0642,3.6541,-4.1794,-0.78416,1.5087,-0.40111,-2.9778,2.1703,-0.69361,1
0.032038,-1.8468,1.3205,0.29624,2.8775,2.8606,-1.1984,-1.1812,-1.2439,2.0953,1.3605,1.9333,19.052,1.8493,1.4443,-2.4711,4.2607,3.0182,-0.38782,0.86167,0.922,-1.3343,2
0.026018,-1.4257,0.90636,0.27164,2.3744,2.3459,-1.3006,-1.3088,-0.2935,2.0763,0.3494,2.1647,26.077,7.23,6.0603,-8.0761,2.1983,2.2051,-0.12061,-1.0336,1.4647,-2.777,1
0.016609,-1.6518,1.2228,0.30493,2.5906,2.6572,-1.2359,-1.2725,-1.0889,2.0517,0.0451,2.3325,18.187,1.9717,4.3419,-2.9304,-1.257,0.48867,-1.0394,-3.1232,1.2953,0.98174,2
0.042683,-1.3536,1.1649,0.30278,2.6387,2.5784,-1.2678,-1.2603,-1.1361,2.1246,0.8513,2.0458,22.627,5.8026,2.3042,-1.3657,4.1898,3.2715,0.88717,-1.4022,1.6645,-0.59669,1
0.046663,-1.7448,1.4859,0.389,3.3253,3.3616,-1.7406,-1.7503,-1.3185,2.2992,0.567,2.2956,25.983,2.5547,7.0439,0.59719,1.6237,4.7253,-1.7061,-1.2631,0.84912,-1.1707,7
0.00086923,-1.5356,1.3352,0.30493,2.9431,2.8556,-1.2491,-1.2153,-0.4757,2.258,1.1972,2.0267,20.846,1.8234,2.2327,-0.96562,4.2489,2.3294,-0.012722,0.928,-1.1472,-1.8875,2
0.0017224,-1.9151,0.8745,0.30886,2.6816,2.6288,-1.3544,-1.3559,-0.4263,1.9514,-0.0074,1.9744,18.282,0.46561,5.1775,-3.7942,2.878,2.3801,-1.0501,-0.61541,-0.67416,-2.1924,1
0.070026,-2.606,1.0934,0.30556,2.7522,2.76,-1.2109,-1.21,-1.3895,2.1757,1.5112,2.1606,16.056,7.9887,6.3539,-1.0852,1.3031,4.3222,-1.116,2.7019,0.24092,-0.52026,4
0.017206,-1.6047,1.0855,0.28456,2.4997,2.49,-1.11,-1.1038,-1.3017,2.1515,1.4173,2.112,24.66,7.1324,2.7299,0.36454,2.659,2.8722,0.55339,-0.28244,0.21232,0.0091563,4
0.031686,-1.7751,1.2756,0.35713,3.5147,3.4838,-1.5666,-1.5741,-2.2561,2.4828,2.084,2.5075,19.235,8.0874,4.5968,-0.58443,0.23444,2.4875,-0.73572,-0.35979,-0.82521,-0.12767,3
0.159,-3.0369,1.1941,0.2447,2.2394,2.2522,-0.77063,-0.78375,-1.1477,2.0019,1.4216,2.0305,14.217,6.385,6.6387,-1.1539,2.0191,2.8751,-0.40566,3.2856,1.0929,-0.76696,4
0.066826,-2.222,1.1311,0.32599,2.8722,2.8563,-1.3881,-1.3819,-0.727,1.3653,0.5347,1.3463,24.958,6.1008,8.3608,-5.8094,7.1336,-1.5003,-1.0836,0.33169,-1.1208,0.82607,6
0.039937,-1.7161,1.4929,0.39117,3.3231,3.3462,-1.7244,-1.7363,-1.3874,2.2763,0.615,2.2832,26.312,2.5019,6.6024,0.90486,1.4534,4.6984,-1.7943,-1.2561,0.7171,-1.1298,7
0.012113,-1.3533,1.3994,0.32856,2.7856,2.7297,-1.4572,-1.4478,-1.3789,2.3743,1.7258,2.1988,23.6,7.2896,1.9413,0.068563,3.7225,3.3459,1.1998,-1.0245,0.47801,1.2169,7
0.016698,-1.6524,0.97625,0.27739,2.3831,2.3756,-1.1234,-1.1241,-1.3196,2.1889,0.8511,2.1684,25.576,8.994,5.1519,-3.0593,0.46093,1.2326,-0.77899,0.090711,0.20208,-0.53844,4
0.024893,-1.6047,1.1852,0.34789,2.8859,2.9159,-1.4412,-1.4425,-0.705,2.1345,0.6761,2.1311,20.727,3.4896,5.3181,-1.859,-0.61948,2.6069,-0.0058666,-1.1957,0.8035,-0.62839,7
0.0044748,-1.5321,1.2357,0.34927,2.9819,3.0059,-1.635,-1.6284,-1.4728,2.227,1.1863,2.2918,21.85,9.3278,4.5282,-1.1593,2.3268,2.9937,-2.2856,-0.88242,0.7057,-1.3667,7
0.0046809,-1.3722,1.3098,0.20091,1.8553,1.8822,-0.62813,-0.61031,-1.2726,2.2303,0.651,2.2582,22.187,3.4781,4.7967,-1.4735,2.0759,2.727,-2.09,0.011117,-1.0541,-2.175,2
0.67768,-3.2143,3.2625,0.40831,3.2078,3.2225,-2.3291,-2.32,-1.7764,2.4439,1.7402,2.1158,16.065,7.5076,6.5524,-1.7608,4.7035,5.9965,-2.7714,0.38341,0.78423,1.9451,6
0.38193,-2.822,2.0824,0.3664,3.0531,3.0412,-1.8103,-1.8053,-2.0717,2.5868,1.0797,2.6153,23.352,3.3999,5.5655,-2.6749,1.8153,4.3735,-3.0635,0.29959,-0.26897,1.3,6
0.0010898,-1.506,1.266,0.39708,3.3353,3.2909,-1.8719,-1.8703,-1.9262,2.3073,1.535,2.2343,23.716,6.7146,2.0907,-0.53208,3.1861,3.8562,0.36086,-1.2253,1.6629,0.75972,6
0.078249,-2.4665,1.2658,0.3295,3.0337,3.0519,-1.2894,-1.2944,-1.049,2.2119,0.6895,2.2151,24.42,1.8966,7.58,0.6705,1.6514,3.6916,-0.91832,0.7886,1.6492,-1.4066,4
0.012869,-1.6502,1.0134,0.3897,3.0387,3.0234,-1.7406,-1.7375,-1.2458,2.4688,1.1268,2.3994,20.724,8.7995,4.175,-3.574,0.035321,3.0961,-0.63772,-1.1984,-0.48145,-0.51966,7
0.0021266,-1.7379,1.1067,0.24518,2.3347,2.3369,-0.86625,-0.88531,-1.3895,2.2391,1.1794,2.2641,18.307,2.9693,5.5163,-1.3106,2.5663,2.3896,-0.1861,-0.33814,0.15476,-2.2506,5
0.046633,-1.648,1.4106,0.29817,2.5003,2.5175,-1.2488,-1.2575,-1.0852,2.1387,1.7238,2.1814,15.935,8.1222,6.9426,-3.092,2.6186,5.6263,0.16303,-0.42963,-0.5165,-1.2543,5
0.17325,-2.5805,1.3061,0.32581,3.1241,3.1603,-1.2441,-1.2481,-1.9671,2.3573,1.6169,2.4778,23.64,4.4212,3.8254,-2.9679,0.4171,4.8219,-2.4742,2.4726,0.353,-0.31896,4
0.0092699,-1.9068,1.0468,0.27855,2.5669,2.5019,-1.1031,-1.1063,-0.3966,2.1003,0.2367,2.0785,18.521,0.020167,5.6757,-3.1414,2.8937,1.873,-0.57974,0.80689,-0.66447,-2.3856,1
0.032076,-1.6572,1.2777,0.37217,3.1216,3.1481,-1.7353,-1.7291,-1.2317,2.2525,1.6786,2.2417,17.833,9.3605,5.1059,-3.0506,2.0326,6.8989,-0.83798,-1.0686,-0.23282,-1.2393,7
0.18537,-2.3409,1.7958,0.39955,3.4531,3.4797,-1.8838,-1.8634,-1.3298,2.3344,0.8587,2.3026,24.314,1.9938,9.0277,-0.72824,1.9737,4.7062,-1.2647,-1.0257,1.191,-0.44516,6
0.0097685,-1.8383,0.92075,0.32501,2.9925,2.9378,-1.4697,-1.4612,-0.3713,2.0857,0.163,2.0505,19.06,0.01134,5.7276,-4.2181,3.2191,2.2807,-0.91077,-0.53185,-1.5885,-2.6184,1
0.026818,-1.639,1.221,0.3632,2.9534,2.9712,-1.6266,-1.6297,-1.2628,2.2081,1.6172,2.2444,18.413,9.6728,5.1439,-3.5072,1.4092,6.4121,-0.92579,-0.88114,-0.45165,-1.3709,7
0.011005,-1.6385,1.0725,0.38165,3.0741,3.0587,-1.7594,-1.7559,-1.3885,2.5012,1.0793,2.4438,21.682,8.9737,4.2017,-3.2528,0.16308,2.7729,-0.89457,-1.1531,-0.24648,-0.43413,7
0.0098033,-1.6086,1.3997,0.35457,3.2513,3.2422,-1.6103,-1.6131,-0.7125,2.2641,0.5013,2.2115,23.839,1.0739,8.0261,-1.1665,4.0114,4.5828,-1.1963,-1.8078,0.66505,-1.6249,1
0.041017,-1.7819,1.4306,0.3351,3.1081,3.1034,-1.5375,-1.5319,-0.8541,2.3034,0.4459,2.2357,23.436,1.2424,7.6375,-0.61164,4.0427,4.3788,-1.0895,-1.9922,0.40748,-1.7845,2
0.0059704,-2.1058,0.96554,0.24766,2.3144,2.2972,-0.89781,-0.89438,-1.3947,2.2102,0.7554,2.159,27.156,9.0869,6.183,-2.8448,1.054,0.94804,-0.73569,1.9812,0.38165,-1.3361,4
0.0088362,-1.7091,1.1504,0.42357,3.9272,3.9656,-2.0072,-1.9722,-1.0199,1.3076,1.2293,1.2085,24.917,2.6663,5.9868,-3.8176,6.1931,1.9795,-1.5573,0.14723,-0.85364,-0.77434,6
0.047233,-2.0543,1.4073,0.25145,2.3456,2.3294,-0.91625,-0.92156,-1.2577,2.0553,0.6178,2.2495,21.288,8.2521,7.2093,-1.2396,2.7456,1.0832,-1.8424,-0.34224,2.1227,-2.1145,2
0.0084048,-1.5971,1.206,0.35051,3.1888,3.2244,-1.5444,-1.5531,-0.4908,2.2337,1.0498,2.2622,18.56,3.1163,4.4742,-2.9887,-0.81444,1.758,1.2155,-2.5399,0.8536,-0.14416,3
0.039577,-1.7777,0.70571,0.40795,3.9019,3.935,-1.9625,-1.9409,-1.0952,2.2521,0.994,2.2881,24.822,2.4801,3.7548,-5.833,1.0723,6.099,-2.4517,1.0744,2.7302,-1.0564,7
0.0054102,-1.5604,0.97954,0.25843,2.165,2.1847,-1.0391,-1.0028,-0.8388,2.1794,0.4399,2.1568,24.138,4.1767,3.5712,-2.446,2.6366,3.7826,-2.28,-0.43781,-1.0338,-1.8926,1
0.0186,-1.9591,0.89479,0.35627,3.3809,3.4347,-1.4809,-1.4531,-0.76226,2.4013,2.1306,2.3228,20.506,3.2627,2.7559,-4.7461,-0.27909,4.7233,-0.057424,0.82733,-0.083394,0.80857,4
0.01433,-1.4161,1.2534,0.28006,2.5463,2.4466,-1.1628,-1.1356,-0.8332,2.0705,0.8238,1.834,23.18,5.5205,2.1875,-1.1422,5.7326,2.387,1.3711,-0.41145,1.3463,-1.2349,2
0.027998,-1.6298,1.2622,0.35163,2.9534,2.9672,-1.5978,-1.5931,-1.2008,2.2293,1.6644,2.2026,17.412,9.3392,5.0516,-3.3673,1.6095,6.4827,-0.59812,-0.92703,-0.72662,-1.2644,7
0.12979,-2.8833,1.1445,0.26298,2.3778,2.385,-0.9575,-0.95219,-1.2957,2.0989,1.2779,2.0717,17.022,7.8616,7.5183,-0.36759,1.3376,3.5423,-1.2795,3.3636,1.3439,-0.77439,4
0.02851,-1.848,1.2683,0.34204,3.2316,3.2869,-1.6684,-1.7178,-1.2366,2.3565,0.93,2.3788,24.785,1.8863,7.0043,-2.0928,3.0073,4.7124,-0.32185,-1.3605,0.25918,-1.1805,1
0.097624,-2.828,1.1084,0.33149,3.2531,3.2481,-1.4066,-1.4219,-1.1293,2.2052,0.2324,2.277,23.596,2.0384,5.464,-1.5822,0.027836,1.764,-1.8038,1.2115,2.0658,-1.0442,6
0.022637,-1.7057,0.84104,0.41198,3.8669,3.8956,-1.9247,-1.9181,-1.1841,2.212,1.0992,2.2945,23.58,3.3135,3.0274,-5.2214,0.95323,5.9201,-2.7062,1.1104,2.4902,-1.1135,7
0.0061775,-1.5231,1.0167,0.29591,2.4944,2.5722,-1.2241,-1.2391,-0.4958,1.9643,-0.0177,2.021,18.353,2.1022,3.9266,-3.8649,-1.1003,0.94806,-0.94887,-3.0566,2.2911,-0.0036163,1
0.010598,-1.3544,1.3833,0.3481,2.8894,2.8425,-1.5322,-1.5372,-1.515,2.3014,1.5249,2.2148,23.067,6.6944,2.5141,0.38056,2.8552,3.327,0.37522,-1.3442,0.66591,1.0618,7
0.02323,-1.7552,1.3064,0.34056,3.2072,3.2569,-1.6559,-1.7038,-1.284,2.2656,0.748,2.3207,24.652,1.7708,6.7419,-2.2713,2.9913,4.7108,-0.37342,-1.5765,0.12643,-1.6868,1
0.038242,-1.5865,1.3929,0.2676,2.3272,2.3409,-1.0588,-1.0656,-1.5306,2.0629,1.3387,2.0814,15.169,7.1962,7.6955,-2.7561,2.7785,4.3118,-0.15752,-0.61063,0.18831,-1.5128,5
0.014199,-1.5639,1.2643,0.28252,2.6812,2.6063,-1.0894,-1.0666,-1.081,2.2203,2.0101,2.0069,20.752,2.4921,1.0554,-1.1635,3.1762,2.3407,0.26847,1.2797,-1.2908,-1.2916,2
0.0077699,-1.5077,1.1039,0.26815,2.4531,2.4888,-1.0178,-1.0059,-1.3663,2.2778,1.0075,2.2807,24.102,4.5393,2.7757,-2.2966,0.97489,3.9683,-2.3509,-0.73088,-1.1667,-1.5432,5
0.003701,-1.6254,1.2468,0.24529,2.18,2.1541,-0.90219,-0.9025,-1.6603,2.3763,1.8114,2.2849,27.128,10.546,5.3801,-3.6025,1.1574,2.8022,0.40443,-0.27707,-1.1777,-0.20953,5
0.036827,-1.7983,1.2385,0.39534,3.5578,3.5978,-1.9225,-1.9388,-0.772,2.2807,0.5788,2.3042,23.878,3.5253,5.4236,-3.8476,-0.89665,3.1778,-0.38346,-1.8614,2.2387,-0.31824,6
0.040899,-1.5356,1.4268,0.33405,2.7769,2.7909,-1.5972,-1.5972,-0.7574,2.0409,1.2285,2.0508,15.959,7.8585,6.5892,-3.7962,3.6968,6.1124,-0.16632,-1.7345,0.21517,-1.9609,1
0.030131,-1.7554,1.2243,0.40013,3.5944,3.5822,-1.7906,-1.7862,-2.2564,2.541,2.0179,2.529,20.893,8.8118,4.5305,-1.23,-0.15162,2.6138,-0.62428,-0.50975,-0.81704,0.10628,3
0.018773,-1.6676,1.3084,0.34767,3.3453,3.3663,-1.49,-1.4937,-0.928,2.3843,1.0865,2.3407,18.839,3.1648,5.0488,-1.9638,-0.28739,1.9556,0.79417,-2.2814,0.91295,-0.20729,3
0.012005,-1.5067,1.3113,0.31988,2.6138,2.6456,-1.3697,-1.3819,-1.9996,2.0454,0.8695,2.1957,22.13,8.7891,5.0771,-0.35578,3.1887,2.1444,-3.8672,-1.4868,0.88343,-1.336,5
0.0094854,-1.6006,1.2194,0.34563,3.0403,3.1,-1.5447,-1.5425,-0.3734,2.2439,1.3225,2.2783,18.744,3.0903,4.4587,-3.9583,-1.0421,1.6365,1.2798,-2.4812,0.94066,-0.082707,5
0.27031,-2.6392,2.033,0.45361,3.7978,3.7572,-2.2697,-2.2763,-1.9197,2.5274,1.1507,2.4299,23.631,2.6378,6.9042,-1.2941,2.9194,5.0636,-1.2528,0.25468,1.1577,1.9861,6
0.015879,-1.6969,1.2444,0.35129,3.1934,3.1828,-1.5813,-1.6028,-1.3406,2.2458,0.8798,2.2561,19.886,2.9218,4.9409,-0.21825,2.7011,2.3817,-1.3565,-0.416,0.40481,-1.4568,7
0.18987,-1.7792,1.9371,0.25294,1.9534,2.0184,-1.1003,-1.0866,-1.5409,2.0797,0.8293,2.1265,17.735,7.886,8.8975,-2.5311,3.0089,2.0765,-1.0159,-1.2847,1.1183,-1.2192,2
0.13759,-2.3887,1.4638,0.26083,2.2738,2.2106,-0.99594,-0.98938,-1.6225,1.9682,1.1066,1.9236,20.633,8.0763,4.3706,-1.1179,5.0413,2.5751,-1.4515,1.9326,2.8538,-1.8707,3
0.10981,-2.0019,1.8207,0.42513,3.6028,3.6028,-2.2975,-2.29,-1.5201,2.5657,1.148,2.4947,26.047,7.8462,7.4613,-6.5809,2.5476,4.4263,-0.90601,-0.018922,-0.060619,1.5134,6
0.083019,-1.9099,1.6592,0.39234,3.2928,3.2788,-1.7959,-1.7869,-0.71085,2.6658,2.7179,2.5519,24.393,3.823,7.1188,-2.5926,0.66486,4.5318,1.315,0.40811,-0.83267,1.1114,5
0.010075,-1.8075,0.92282,0.28314,2.4844,2.4919,-1.0469,-1.055,-1.7572,2.2662,0.6899,2.3136,22.99,4.2089,3.0506,-1.0771,0.5394,2.6374,-3.4051,0.60203,-1.4562,-0.54517,4
0.071913,-1.8568,1.5962,0.31093,2.8919,2.9078,-1.3797,-1.3784,-0.7843,2.274,0.5025,2.2283,24.858,1.1701,8.7808,-1.0009,4.0721,4.4861,-0.89629,-1.4694,0.7146,-1.5903,2
0.0089918,-1.6356,1.153,0.23081,2.1675,2.1553,-0.74969,-0.75219,-1.3767,2.1567,1.0985,2.1463,18.857,2.3807,5.5189,-1.0336,2.7163,2.5243,-0.18838,0.19214,-0.43521,-2.7738,5
0.010236,-1.4785,1.0959,0.26675,2.2294,2.2369,-1.125,-1.0991,-0.9267,2.2346,0.692,2.1933,23.693,4.5511,2.9868,-2.1885,1.842,3.8776,-2.1386,-0.61401,-1.3269,-1.696,1
0.0048371,-1.9851,0.91204,0.28493,2.5787,2.5866,-1.0575,-1.0669,-1.4672,2.2647,0.6743,2.3207,23.251,4.0503,3.4146,-0.65744,0.43817,2.4291,-3.0003,0.87847,-1.6513,-0.97426,4
0.12219,-1.9208,1.6611,0.37712,3.0819,3.1125,-1.7172,-1.7366,-2.0637,2.2315,1.4905,2.4161,22.014,9.3268,6.4685,-1.1523,1.5881,2.458,-2.7605,-0.68395,1.1241,0.54276,6
0.0052968,-1.5235,1.2705,0.30856,2.7366,2.7,-1.3966,-1.4375,-2.3701,2.0585,-0.55026,2.26,23.314,7.3035,4.2767,-1.852,3.8144,1.148,-5.7508,-3.4975,1.7637,-0.094046,1
0.03058,-1.742,1.2099,0.21481,2.1847,2.1747,-0.65312,-0.66125,-1.4707,2.0683,0.662,2.1165,26.196,7.9546,6.7041,-3.3828,1.5504,0.66902,0.010128,-0.22347,0.44344,-2.43,2
0.081386,-2.0122,1.6653,0.40148,3.4559,3.4191,-1.8884,-1.9147,-1.6011,2.6395,2.0141,2.6793,26.629,3.3091,8.1041,-1.5168,1.4807,4.4034,1.0086,-0.1493,0.18675,1.1222,5
0.039299,-1.3568,1.3317,0.31531,2.8772,2.8256,-1.4222,-1.4294,-1.535,2.1935,1.1636,2.1822,22.831,5.7392,3.6372,-0.63651,3.9194,3.2339,0.62697,-1.3936,1.6932,-0.79682,5
0.042808,-1.9692,1.4047,0.40035,3.5428,3.5481,-1.865,-1.8803,-1.1472,2.4494,1.5231,2.4493,25.647,3.0346,8.0246,-1.6749,0.49629,3.9435,1.0407,0.38781,0.063803,0.54081,4
0.13079,-1.9484,1.7153,0.3733,3.1284,3.1744,-1.6888,-1.7041,-2.1221,2.3317,1.5936,2.5215,22.03,9.1506,6.513,-0.95529,1.728,2.3134,-2.8252,-0.42391,1.3153,0.71329,6
0.14448,-2.2748,1.7665,0.33528,3.1369,3.1272,-1.6419,-1.6253,-1.0153,2.3484,0.657,2.3121,24.663,1.2059,8.7697,-0.73219,3.2798,4.4087,-0.933,-1.3764,1.1508,-1.0076,3
0.13321,-2.3392,1.4589,0.28033,2.4081,2.3628,-1.1075,-1.0962,-1.5807,1.9903,1.0961,1.8764,21.193,8.2629,4.1572,-0.75646,4.9424,2.7749,-1.6222,1.8737,3.0761,-1.8721,3
0.12084,-2.0522,1.6117,0.34699,3.1016,3.1047,-1.5747,-1.5662,-0.8713,2.2355,0.5692,2.1919,24.842,1.1163,8.4217,-0.59684,3.4938,4.415,-1.0171,-1.2006,1.2074,-1.0105,3
0.035577,-1.8743,1.112,0.37574,3.3584,3.3491,-1.6719,-1.665,-0.8627,1.2011,0.9657,1.152,24.386,0.24139,7.1254,-4.9629,6.9309,1.44,-1.8204,0.34534,-1.4123,0.98598,6
0.04329,-1.6853,1.3474,0.39866,3.5463,3.5328,-1.7909,-1.7894,-2.0486,2.5961,2.0128,2.5429,18.818,8.5318,4.6595,-1.9399,0.36844,2.895,-0.39438,-0.56409,-1.1644,-0.11702,3
0.0057518,-1.6154,1.1787,0.29561,2.5919,2.5491,-1.2169,-1.2116,-1.3486,2.235,1.4239,2.1046,24.231,6.8637,2.4628,0.19491,3.4358,2.8651,1.441,-0.21351,0.68061,0.2699,4
0.0001929,-1.6163,1.2543,0.25774,2.4597,2.4013,-0.97906,-0.9775,-0.6154,2.2804,0.7981,2.0747,18.81,1.8711,2.7104,-2.3165,2.4219,2.4432,0.56871,-1.7462,0.77122,-0.78446,2
0.00047824,-1.6963,1.0439,0.30588,2.5566,2.5906,-1.2578,-1.2388,-1.1484,2.138,1.4707,2.1435,21.494,9.0508,4.9599,-0.57505,2.7498,3.1028,-1.1623,0.45588,0.34501,-1.262,4
0.0068476,-1.5298,1.3704,0.36275,3.1453,3.0959,-1.7328,-1.7284,-1.8363,2.4457,1.5672,2.3031,23.637,6.6315,2.0185,-0.1436,3.2645,3.9257,0.14856,-1.5905,1.4612,0.90473,6
0.039355,-1.7664,1.4454,0.40475,3.4778,3.5041,-1.8775,-1.8916,-1.1813,2.2466,0.5204,2.2767,25.661,2.4545,6.2036,0.4789,2.2723,4.6945,-1.9601,-1.5524,0.84471,-1.3217,7
0.032603,-1.9472,1.4197,0.35021,3.2509,3.2178,-1.605,-1.5953,-1.6341,2.2306,1.6265,1.9666,19.288,2.7683,1.5923,-2.0989,3.5503,3.5832,-0.6182,1.8182,1.6669,-1.0947,3
0.018372,-1.3498,1.2832,0.28329,2.4828,2.4506,-1.1803,-1.1863,-1.4791,2.0908,1.0772,2.0903,23.248,5.528,3.5134,-0.60446,4.209,3.1256,0.3361,-1.3191,1.954,-0.77627,5
0.0040179,-1.5434,1.2301,0.34649,2.9672,2.9916,-1.6403,-1.6334,-1.4945,2.2206,1.1881,2.2671,21.823,9.2985,4.7518,-1.1135,2.5424,3.0169,-2.1881,-0.73786,0.86037,-1.492,7
0.076893,-2.0948,1.4806,0.39407,3.4309,3.4159,-1.8844,-1.9025,-1.3929,2.4787,1.2295,2.4409,24.946,2.943,8.2203,-1.606,1.6073,4.4403,0.53462,-0.10969,0.66771,0.67073,7
0.011802,-1.7119,1.2985,0.24361,2.0634,2.0497,-0.88656,-0.88438,-1.7122,2.4779,1.9348,2.3542,28.227,10.306,5.9801,-2.7587,1.7637,2.4967,0.43412,0.11089,-1.4058,-0.19879,5
0.012058,-1.8252,1.1332,0.35096,3.2994,3.2625,-1.5444,-1.5488,-1.9923,2.332,1.6971,2.2946,27.623,9.4687,4.7926,-2.6413,1.0842,2.7612,-0.36286,-0.056812,-0.12321,-0.57359,3
0.0059988,-1.4245,1.2676,0.21628,2.0131,2.0494,-0.73844,-0.71906,-1.5248,2.2561,0.5453,2.2514,23.234,3.6166,4.772,-1.3681,1.8616,2.4067,-2.5206,-0.64389,-1.373,-2.1356,2
0.011348,-1.4049,1.4031,0.30372,2.5609,2.5466,-1.3322,-1.3341,-0.8765,2.0458,1.1588,2.0222,14.161,6.6836,6.6359,-3.0894,4.4133,5.7787,-0.76098,-0.98336,0.38163,-1.4773,1
0.172,-1.9352,2.0923,0.37582,3.2266,3.2378,-1.8553,-1.8594,-0.6218,1.4364,0.5684,1.4882,25.135,4.0281,8.3308,-8.0675,7.3697,0.43775,-1.0919,-0.7473,-0.52355,2.6849,6
0.013764,-1.3679,1.369,0.34091,2.9347,2.885,-1.5203,-1.5163,-1.4505,2.3586,1.7039,2.235,23.496,6.9991,2.6612,-0.25179,3.3912,3.5931,1.4755,-1.153,0.43461,0.45077,7
0.017408,-1.6614,1.1655,0.24111,2.1509,2.1478,-0.86406,-0.86719,-1.3561,2.2231,1.1673,2.2359,18.898,2.5326,5.0401,-0.96125,2.3907,2.4318,-0.2024,-0.034826,-0.49847,-2.5278,5
0.15497,-2.1635,1.7365,0.38837,3.3491,3.3663,-1.7728,-1.7547,-1.3089,2.3361,0.7689,2.2896,24.257,1.7017,8.8307,-0.34241,2.7651,4.8182,-1.4624,-1.2843,1.1474,-0.68642,6
0.055208,-1.8904,1.4784,0.4124,3.8634,3.8672,-1.9128,-1.9131,-1.4878,1.1325,1.5477,1.2417,19.094,2.96,6.3535,-1.7847,5.6579,0.34832,-1.9286,-0.1596,-1.1835,0.38222,3
0.048689,-1.5248,1.4512,0.26086,2.1816,2.1862,-1.0491,-1.055,-1.1394,2.1542,1.7033,2.1709,16.582,8.0324,7.2568,-3.5907,3.1204,5.5071,0.44149,-0.49941,-0.50076,-1.5508,5
0.0045794,-1.5439,1.1401,0.31526,2.6625,2.6538,-1.4253,-1.4859,-1.9586,1.9693,-0.31671,2.2939,23.024,7.7433,3.875,-1.7727,3.4542,1.1946,-5.6734,-3.1483,1.4909,-0.3973,1
0.1614,-2.8443,1.1389,0.32913,3.2072,3.2481,-1.2962,-1.2784,-1.6058,2.3458,1.5539,2.3359,23.819,3.0854,2.8933,-3.6815,1.1062,5.2952,-1.9331,3.0285,1.541,-0.1971,4
0.26868,-2.4064,2.1069,0.28259,2.5034,2.4222,-1.1263,-1.1822,-0.6804,1.7608,1.5452,2.118,18.437,2.0095,5.782,-3.2344,4.2355,1.5275,-1.4676,-1.5127,-0.0098554,0.60421,6
0.0012241,-1.5916,1.2725,0.23981,2.1594,2.1416,-0.89187,-0.89781,-1.7602,2.4793,1.8644,2.405,28.969,10.474,6.3535,-3.2714,2.2147,2.5427,1.397,0.64102,-0.47773,-0.70329,5
0.030451,-1.3385,1.3411,0.28913,2.5506,2.5013,-1.2416,-1.2584,-1.4974,2.114,0.9913,2.1116,23.006,5.6207,3.3242,-0.46953,3.9517,3.0196,0.37152,-1.5385,1.7256,-0.76152,5
0.11623,-2.4613,1.0985,0.26947,2.5056,2.51,-1.0638,-1.0659,-1.4876,2.1837,1.0905,2.2301,20.815,8.3503,5.0053,-0.34083,2.9683,2.1925,-2.2224,1.0711,1.9198,-1.437,4
0.042194,-1.4751,0.91832,0.32366,2.89,2.8834,-1.6147,-1.6159,-0.0365,2.0673,0.4354,2.0477,26.235,6.995,5.9257,-9.1566,2.5697,2.9186,-0.26462,-1.226,1.6153,-2.5806,1
