0.18987,-1.7792,1.9371,0.25294,1.9534,2.0184,-1.1003,-1.0866,-1.5409,2.0797,0.8293,2.1265,0.4358,-1.9713,-2.1609,-1.1344,-0.67332,1.7199,0.22102,1.3949,-0.34483,-0.61028,2
0.027998,-1.6298,1.2622,0.35163,2.9534,2.9672,-1.5978,-1.5931,-1.2008,2.2293,1.6644,2.2026,-2.9139,-0.64993,-1.9129,-2.5264,-1.4365,0.76982,0.33491,0.94691,0.050419,-0.57069,7
0.023899,-1.8604,1.2261,0.33833,3.2028,3.2322,-1.6366,-1.6794,-1.3417,2.3271,0.914,2.3255,-1.8463,-4.3476,-1.1663,-2.5439,1.882,0.92461,0.33548,1.6143,-0.017648,-0.72614,1
0.013695,-1.7497,1.2739,0.34165,3.1378,3.1219,-1.5478,-1.5634,-1.3165,2.3209,1.0349,2.3029,-2.7941,-0.14367,-2.3942,-2.3882,-1.9557,1.1115,0.2537,1.222,0.046417,-0.4975,7
0.024273,-1.6521,1.4925,0.35502,3.1706,3.1684,-1.6281,-1.6097,-0.7258,2.3373,0.518,2.2138,-1.2135,-3.7546,-0.52887,-3.3474,0.37514,-0.034079,0.10666,1.382,-0.22019,-0.31012,1
0.0057518,-1.6154,1.1787,0.29561,2.5919,2.5491,-1.2169,-1.2116,-1.3486,2.235,1.4239,2.1046,-3.2451,-2.4079,0.43359,-0.49919,0.98095,1.2986,0.26169,1.733,-0.098322,-0.52004,4
0.11623,-2.4613,1.0985,0.26947,2.5056,2.51,-1.0638,-1.0659,-1.4876,2.1837,1.0905,2.2301,-2.2143,-0.80936,-0.091527,-1.6037,-0.36486,0.84163,0.27481,1.0623,-0.41959,-0.47236,4
0.00047824,-1.6963,1.0439,0.30588,2.5566,2.5906,-1.2578,-1.2388,-1.1484,2.138,1.4707,2.1435,-2.9101,-2.0328,0.021692,-1.9405,0.43914,1.4418,0.41609,1.1465,-0.158,-0.59104,4
0.030131,-1.7554,1.2243,0.40013,3.5944,3.5822,-1.7906,-1.7862,-2.2564,2.541,2.0179,2.529,0.86399,0.42347,-0.19624,-1.0951,0.50034,-0.061041,0.24939,0.93869,0.03328,-0.87093,3
0.0088362,-1.7091,1.1504,0.42357,3.9272,3.9656,-2.0072,-1.9722,-1.0199,1.3076,1.2293,1.2085,-0.14025,-0.64412,-0.34114,-2.1105,0.97526,0.53516,0.8641,1.5051,0.11132,-1.1037,6
0.016472,-1.3124,1.2841,0.32045,2.6325,2.6619,-1.3944,-1.3634,-1.5633,2.3729,1.1504,2.345,-2.7828,-0.83622,-2.5412,-2.3423,-0.8153,1.2064,-0.041357,1.4063,0.078506,-0.40895,7
0.15099,-2.1959,1.4657,0.23641,2.1809,2.2291,-0.78812,-0.81156,-1.2522,2.0295,0.794,2.3019,1.1338,-1.7826,-1.4735,-1.6702,-1.717,2.5018,0.28047,1.3713,0.0088761,-0.66267,2
0.01433,-1.4161,1.2534,0.28006,2.5463,2.4466,-1.1628,-1.1356,-0.8332,2.0705,0.8238,1.834,1.2052,-3.5366,-0.96404,-2.3738,-1.9437,2.2744,-0.15981,1.6863,-0.039101,-0.58829,2
0.07975,-1.9181,1.7068,0.40229,3.3059,3.295,-1.8484,-1.8494,-1.1355,2.6188,2.4571,2.5831,-1.2436,-2.4581,-2.784,-1.71,1.9067,1.6693,0.059082,1.4018,-0.12446,-0.55958,5
0.097624,-2.828,1.1084,0.33149,3.2531,3.2481,-1.4066,-1.4219,-1.1293,2.2052,0.2324,2.277,-2.1735,-1.6917,0.62545,-1.3236,-0.32573,2.1463,0.30578,1.4272,-0.40265,-0.46598,6
0.0059704,-2.1058,0.96554,0.24766,2.3144,2.2972,-0.89781,-0.89438,-1.3947,2.2102,0.7554,2.159,-3.3686,-2.0161,1.6579,-0.28635,-0.23275,2.3749,0.32371,1.4877,-0.29565,-0.62097,4
0.018773,-1.6676,1.3084,0.34767,3.3453,3.3663,-1.49,-1.4937,-0.928,2.3843,1.0865,2.3407,0.029351,0.42308,-0.82818,-1.6202,-0.56435,-0.16416,0.20439,1.1374,0.048536,-0.56147,3
0.0059131,-1.3486,1.1854,0.28417,2.4819,2.4863,-1.0919,-1.0953,-1.5491,2.3272,0.9031,2.3294,-0.16598,-0.49107,-1.42,-1.6898,-0.46554,0.5758,0.0079477,1.2213,-0.11971,-0.63233,3
0.19983,-2.1227,2.0013,0.41224,3.3872,3.4116,-2.1944,-2.2225,-1.9165,2.5475,1.6074,2.4501,-1.3757,0.22187,-0.29897,-6.2813,1.4017,2.7803,0.25188,1.0404,0.11065,-0.68764,6
0.041539,-2.0264,1.1646,0.33373,2.9241,2.9472,-1.2953,-1.2975,-0.9293,2.1766,0.7396,2.2178,-3.0041,-2.0541,0.56468,-2.007,0.75202,1.8943,0.097987,1.8216,-0.21955,-0.6949,5
0.12219,-1.9208,1.6611,0.37712,3.0819,3.1125,-1.7172,-1.7366,-2.0637,2.2315,1.4905,2.4161,-0.34509,-0.28021,-0.89354,-4.6753,1.3,3.0126,0.10638,0.97527,-0.0049541,-0.52729,6
0.00043956,-1.5093,1.2848,0.30634,2.7591,2.7281,-1.3894,-1.4303,-2.1329,2.0972,-0.15255,2.2677,-1.3187,-4.6738,-0.76428,-4.0108,0.28684,0.0049174,0.076829,1.211,-0.023235,-0.5932,1
0.051822,-1.8898,1.4146,0.25557,2.3188,2.3516,-0.95031,-0.97188,-1.5515,2.061,0.655,2.322,0.9498,-3.0301,-0.89496,-1.754,-1.1119,2.6236,0.16576,1.3608,-0.21888,-0.53295,2
0.081386,-2.0122,1.6653,0.40148,3.4559,3.4191,-1.8884,-1.9147,-1.6011,2.6395,2.0141,2.6793,-1.1803,-2.5755,-2.8784,-1.5628,1.8386,1.6388,0.20901,1.423,0.052653,-0.63954,5
0.0089918,-1.6356,1.153,0.23081,2.1675,2.1553,-0.74969,-0.75219,-1.3767,2.1567,1.0985,2.1463,-1.1768,-2.605,-2.9262,-1.5335,1.8532,1.6509,0.27627,0.89754,0.1467,-0.69951,5
0.026018,-1.4257,0.90636,0.27164,2.3744,2.3459,-1.3006,-1.3088,-0.2935,2.0763,0.3494,2.1647,-1.326,-4.6728,-0.77228,-3.9835,0.28321,0.0063663,0.16909,1.2701,0.11359,-0.71923,1
0.0052968,-1.5235,1.2705,0.30856,2.7366,2.7,-1.3966,-1.4375,-2.3701,2.0585,-0.55026,2.26,-1.3229,-4.6679,-0.77884,-3.9725,0.25375,-0.055779,0.35407,1.6814,-0.032463,-0.42694,1
0.00012557,-2.0443,0.88596,0.26518,2.3872,2.4031,-0.95781,-0.96062,-1.48,2.2623,0.5666,2.3439,-3.3119,-1.9963,0.41703,-0.82991,0.51921,1.7569,0.18605,1.6996,-0.11459,-0.46261,4
0.071913,-1.8568,1.5962,0.31093,2.8919,2.9078,-1.3797,-1.3784,-0.7843,2.274,0.5025,2.2283,0.92459,-2.962,-0.88656,-1.7605,-1.0351,2.3536,-0.095354,1.5408,-0.18761,-0.43097,2
0.012869,-1.6502,1.0134,0.3897,3.0387,3.0234,-1.7406,-1.7375,-1.2458,2.4688,1.1268,2.3994,-2.8201,-0.21353,-2.3665,-2.8787,-1.401,0.83391,0.22746,1.2105,0.043059,-0.78409,7
0.0022179,-1.6524,1.0664,0.28836,2.4328,2.4562,-1.1256,-1.1356,-1.7528,2.0722,0.7271,2.2287,-3.3234,-2.0206,0.40264,-0.86089,0.62016,1.6934,0.18556,1.1805,-0.31222,-0.60116,4
0.0040179,-1.5434,1.2301,0.34649,2.9672,2.9916,-1.6403,-1.6334,-1.4945,2.2206,1.1881,2.2671,-2.8072,-0.29116,-2.3726,-2.7224,-1.2969,0.81346,0.10115,1.5038,-0.70468,-0.35816,7
0.027639,-1.8547,1.1857,0.34585,3.1216,3.0863,-1.3587,-1.4059,-1.9234,2.1141,1.5322,2.2499,0.43925,0.48438,-0.71051,-1.397,0.55542,-0.30393,0.034862,0.81135,0.11274,-0.5752,3
0.0048371,-1.9851,0.91204,0.28493,2.5787,2.5866,-1.0575,-1.0669,-1.4672,2.2647,0.6743,2.3207,-3.3325,-1.9971,0.4535,-0.80851,0.66233,1.6144,0.024676,1.188,-0.029133,-0.58399,4
0.039577,-1.7777,0.70571,0.40795,3.9019,3.935,-1.9625,-1.9409,-1.0952,2.2521,0.994,2.2881,-2.8375,-0.28281,-2.5957,-2.8761,-1.5566,0.96958,0.21361,1.3406,-0.1657,-0.60691,7
0.076893,-2.0948,1.4806,0.39407,3.4309,3.4159,-1.8844,-1.9025,-1.3929,2.4787,1.2295,2.4409,-2.8403,-0.26065,-2.4069,-2.6675,-1.4274,1.1085,0.047417,1.4141,-0.25537,-0.59747,7
0.61585,-3.1898,2.9271,0.41915,3.4269,3.4453,-2.3672,-2.3606,-1.6143,2.344,1.5225,2.0668,-0.99088,0.3975,-0.55357,-4.8623,1.1724,2.414,0.12925,1.0669,-0.17223,-0.45715,6
0.011348,-1.4049,1.4031,0.30372,2.5609,2.5466,-1.3322,-1.3341,-0.8765,2.0458,1.1588,2.0222,-1.3255,-4.6396,-0.77841,-3.9837,0.25109,-0.0075567,0.30591,0.93546,0.084813,-0.52688,1
0.1614,-2.8443,1.1389,0.32913,3.2072,3.2481,-1.2962,-1.2784,-1.6058,2.3458,1.5539,2.3359,-3.3259,-2.0043,0.41473,-0.82784,0.59263,1.7301,0.03336,1.375,-0.12732,-0.57355,4
0.0044748,-1.5321,1.2357,0.34927,2.9819,3.0059,-1.635,-1.6284,-1.4728,2.227,1.1863,2.2918,-2.8697,-0.12953,-2.4619,-2.8237,-1.5546,0.94517,0.14767,1.3679,-0.21698,-0.47531,7
0.083019,-1.9099,1.6592,0.39234,3.2928,3.2788,-1.7959,-1.7869,-0.71085,2.6658,2.7179,2.5519,-1.1765,-2.5744,-2.8956,-1.5719,1.8508,1.6589,-0.060072,1.4005,-0.23567,-0.58014,5
0.0065704,-1.6496,1.1289,0.27191,2.5825,2.6644,-1.0778,-1.0397,-0.7852,2.1639,0.6502,1.9537,-1.3218,-4.649,-0.77313,-3.992,0.26726,-0.028872,0.13517,1.0275,-0.14416,-0.35327,1
0.03058,-1.742,1.2099,0.21481,2.1847,2.1747,-0.65312,-0.66125,-1.4707,2.0683,0.662,2.1165,0.95185,-3.0366,-0.89906,-1.781,-1.1204,2.5975,0.075459,1.7804,-0.2561,-0.43921,2
0.028397,-1.778,1.133,0.34892,3.0731,3.0316,-1.3687,-1.4181,-1.9515,2.0847,1.7203,2.2744,0.45134,0.50071,-0.69962,-1.3956,0.55481,-0.218,0.097627,1.4802,-0.2117,-0.44814,3
0.0015657,-2.2585,0.91871,0.22704,2.16,2.1288,-0.78906,-0.78969,-1.0938,2.2483,1.1637,2.2136,-3.3262,-2.0071,0.41744,-0.82798,0.59399,1.7164,0.071086,1.4684,-0.13511,-0.52116,4
0.0010898,-1.506,1.266,0.39708,3.3353,3.2909,-1.8719,-1.8703,-1.9262,2.3073,1.535,2.2343,-0.99356,0.39122,-0.55941,-4.8509,1.2028,2.3781,0.22887,1.2005,0.11674,-0.75701,6
0.047233,-2.0543,1.4073,0.25145,2.3456,2.3294,-0.91625,-0.92156,-1.2577,2.0553,0.6178,2.2495,0.94626,-3.0106,-0.90816,-1.761,-1.118,2.5649,0.19764,1.4655,-0.049776,-0.50649,2
0.0012241,-1.5916,1.2725,0.23981,2.1594,2.1416,-0.89187,-0.89781,-1.7602,2.4793,1.8644,2.405,-1.1778,-2.557,-2.895,-1.5636,1.8451,1.6566,-0.013549,1.1901,-0.40633,-0.77533,5
0.0046809,-1.3722,1.3098,0.20091,1.8553,1.8822,-0.62813,-0.61031,-1.2726,2.2303,0.651,2.2582,0.9601,-3.0649,-0.89792,-1.7539,-1.1838,2.4735,0.27067,1.5065,-0.21659,-0.6106,2
0.26868,-2.4064,2.1069,0.28259,2.5034,2.4222,-1.1263,-1.1822,-0.6804,1.7608,1.5452,2.118,-0.98913,0.38986,-0.5627,-4.8638,1.1658,2.4006,0.26432,1.4572,-0.25961,-0.44753,6
0.023604,-1.4424,1.1856,0.30069,2.5962,2.59,-1.2516,-1.2406,-1.9118,2.3742,0.9459,2.3206,0.44275,0.47235,-0.69951,-1.409,0.55594,-0.25253,0.078399,1.7289,-0.30833,-0.41772,3
0.026225,-1.4408,1.1729,0.33882,2.9466,2.8831,-1.5613,-1.5328,-0.8638,2.2012,1.5359,1.9814,0.42565,0.4501,-0.7354,-1.3579,0.47648,-0.29033,0.10321,1.5632,-0.14312,-0.58737,3
0.007672,-1.5683,0.908,0.3227,2.7053,2.7637,-1.4909,-1.5,-0.2809,2.0548,0.1017,2.0415,-1.3236,-4.6805,-0.77318,-3.9975,0.27823,-0.057741,0.09554,1.0474,-0.12144,-0.56686,1
0.0017561,-1.5039,1.2632,0.22361,2.1934,2.2122,-0.7175,-0.70063,-1.4419,2.2828,0.738,2.3054,0.94841,-3.0289,-0.90889,-1.7823,-1.0629,2.6589,-0.042867,1.1164,-0.22009,-0.47774,2
0.010598,-1.3544,1.3833,0.3481,2.8894,2.8425,-1.5322,-1.5372,-1.515,2.3014,1.5249,2.2148,-2.8384,-0.25149,-2.3938,-2.748,-1.4917,0.99333,0.031852,1.5807,-0.22782,-0.48929,7
0.15991,-2.8977,1.3438,0.22145,1.9675,1.9941,-0.61,-0.61438,-0.7544,2.0118,0.5353,2.1123,-3.3207,-2.0131,0.41679,-0.81052,0.64638,1.7801,0.00054736,1.3679,-0.16712,-0.56007,4
0.074574,-2.0114,1.4866,0.39294,3.5256,3.5084,-1.9156,-1.9463,-1.4926,2.4487,1.4507,2.4689,-2.8349,-0.23178,-2.3607,-2.783,-1.5286,0.78812,0.13026,1.3966,-0.19923,-0.69337,7
0.12084,-2.0522,1.6117,0.34699,3.1016,3.1047,-1.5747,-1.5662,-0.8713,2.2355,0.5692,2.1919,0.44761,0.54799,-0.72782,-1.3803,0.56114,-0.94735,0.36438,1.4307,-0.01046,-0.69637,3
0.12979,-2.8833,1.1445,0.26298,2.3778,2.385,-0.9575,-0.95219,-1.2957,2.0989,1.2779,2.0717,-3.3213,-1.9831,0.41376,-0.82061,0.60176,1.7204,-0.038193,1.1042,-0.065931,-0.47944,4
0.58621,-3.7003,2.3628,0.29378,2.4797,2.4925,-1.7122,-1.6791,-1.8924,2.7477,1.8653,2.6447,-1.1758,-2.5656,-2.9016,-1.5669,1.8515,1.6534,0.35802,1.3535,0.039436,-0.61319,5
0.013349,-1.605,1.4398,0.36097,3.2819,3.2791,-1.6547,-1.6413,-0.7386,2.2904,0.389,2.1782,-1.3212,-4.6769,-0.79108,-3.9556,0.27836,0.062232,0.1343,1.6546,-0.21835,-0.36903,1
0.0076173,-1.6151,1.3178,0.27206,2.5547,2.5375,-1.0656,-1.0503,0.0776,2.2499,1.2611,2.0562,0.94691,-3.0236,-0.90688,-1.7509,-1.1078,2.5643,0.17035,1.1602,-0.03902,-0.52629,2
0.18314,-3.5634,1.2308,0.21174,1.9741,1.9888,-0.56781,-0.58469,-1.466,1.9931,1.3202,2.0566,-3.3231,-2.0062,0.41566,-0.82528,0.59509,1.7327,0.059868,1.1176,-0.097026,-0.42623,4
0.0001929,-1.6163,1.2543,0.25774,2.4597,2.4013,-0.97906,-0.9775,-0.6154,2.2804,0.7981,2.0747,0.95001,-3.0286,-0.90341,-1.7681,-1.1168,2.5769,0.24683,1.4174,-0.22524,-0.53296,2
0.0054102,-1.5604,0.97954,0.25843,2.165,2.1847,-1.0391,-1.0028,-0.8388,2.1794,0.4399,2.1568,-1.3334,-4.6651,-0.757,-3.9717,0.23341,-0.029541,0.072763,1.2254,-0.13488,-0.68211,1
0.04329,-1.6853,1.3474,0.39866,3.5463,3.5328,-1.7909,-1.7894,-2.0486,2.5961,2.0128,2.5429,0.44832,0.48039,-0.70405,-1.3897,0.5598,-0.19548,-0.013498,1.0143,-0.0065506,-0.68003,3
0.0045794,-1.5439,1.1401,0.31526,2.6625,2.6538,-1.4253,-1.4859,-1.9586,1.9693,-0.31671,2.2939,-1.3292,-4.6702,-0.7614,-3.9735,0.25771,-0.010099,-0.038722,1.2241,-0.15742,-0.5543,1
0.1119,-1.9233,1.7195,0.36853,3.1369,3.1897,-1.7141,-1.7072,-1.9635,2.4411,2.0489,2.5389,-0.98813,0.38485,-0.55179,-4.8562,1.1618,2.4216,0.035693,1.4397,-0.17944,-0.56983,6
0.042683,-1.3536,1.1649,0.30278,2.6387,2.5784,-1.2678,-1.2603,-1.1361,2.1246,0.8513,2.0458,-1.2713,-4.5429,-0.72378,-3.9819,0.071131,-0.13765,-0.12775,1.4669,-0.32507,-0.39499,1
0.15497,-2.1635,1.7365,0.38837,3.3491,3.3663,-1.7728,-1.7547,-1.3089,2.3361,0.7689,2.2896,-0.9777,0.22899,-0.62665,-4.613,1.1379,2.3275,0.087453,1.4937,-0.25078,-0.44694,6
0.042194,-1.4751,0.91832,0.32366,2.89,2.8834,-1.6147,-1.6159,-0.0365,2.0673,0.4354,2.0477,-1.3201,-4.6813,-0.7664,-3.9865,0.26178,-0.027728,0.2854,1.7876,-0.10848,-0.45909,1
0.016837,-1.5254,1.3349,0.30394,2.5806,2.5822,-1.3153,-1.3028,-1.8405,2.1594,1.2017,2.2157,-1.1749,-2.5319,-2.8922,-1.5557,1.8225,1.7641,0.11593,0.70353,0.17598,-0.71731,5
0.17325,-2.5805,1.3061,0.32581,3.1241,3.1603,-1.2441,-1.2481,-1.9671,2.3573,1.6169,2.4778,-3.3221,-2.0062,0.42274,-0.85102,0.59355,1.7103,-0.00042857,1.3288,-0.27244,-0.53928,4
0.14428,-2.3507,1.7765,0.43055,4.0272,3.9716,-2.205,-2.2281,-2.0849,2.5319,2.0309,2.6416,-0.98827,0.39427,-0.55314,-4.8591,1.1675,2.3929,0.091021,1.1973,-0.15175,-0.51343,6
0.15852,-2.2424,1.6839,0.2931,2.5178,2.5137,-1.1772,-1.2038,-1.3085,2.0063,1.4924,2.1193,0.44671,0.51088,-0.67989,-1.4219,0.555,-0.31379,0.10929,1.2969,-0.22791,-0.486,3
0.033718,-1.5673,0.95829,0.30813,2.84,2.8816,-1.3769,-1.3291,-1.3671,2.0959,-0.0614,1.776,-1.3234,-4.6587,-0.7729,-3.983,0.26774,-0.018707,0.24777,1.3813,-0.15912,-0.57042,1
0.016609,-1.6518,1.2228,0.30493,2.5906,2.6572,-1.2359,-1.2725,-1.0889,2.0517,0.0451,2.3325,0.94936,-3.0279,-0.90724,-1.7719,-1.1031,2.5585,0.10013,1.2548,-0.20556,-0.3971,2
0.011802,-1.7119,1.2985,0.24361,2.0634,2.0497,-0.88656,-0.88438,-1.7122,2.4779,1.9348,2.3542,-1.1737,-2.586,-2.881,-1.5593,1.8742,1.6197,0.069578,1.6817,-0.24471,-0.57217,5
0.024431,-1.6383,0.87671,0.37549,3.4631,3.5016,-1.7697,-1.7359,-1.207,2.0774,1.3596,2.0534,-1.1757,-2.5842,-2.8993,-1.5799,1.8384,1.635,0.29678,1.3532,0.0078539,-0.62064,5
0.040184,-1.9128,1.462,0.39567,3.7287,3.705,-1.8138,-1.7916,-1.7421,2.2428,2.0526,2.1641,0.4477,0.49027,-0.69903,-1.3976,0.55489,-0.27865,0.09875,1.4037,-0.24762,-0.41239,3
0.018448,-1.867,1.222,0.31835,2.9591,2.9359,-1.1828,-1.2381,-2.6746,2.2763,1.7729,2.5061,0.44617,0.49054,-0.69962,-1.4127,0.56805,-0.28482,0.10323,1.366,-0.21969,-0.37434,3
0.10858,-2.1332,1.5461,0.32629,2.8516,2.8522,-1.3959,-1.4172,-1.501,2.1591,1.6133,2.2413,0.44442,0.48477,-0.70887,-1.4119,0.56586,-0.2464,0.16988,1.0451,-0.027282,-0.64076,3
0.080234,-2.0144,1.5808,0.39582,3.3425,3.3312,-1.8184,-1.8375,-1.2853,2.3895,1.3634,2.4423,-2.8358,-0.2623,-2.4029,-2.7354,-1.4588,1.0862,-0.12713,1.2503,-0.22622,-0.42965,7
0.032038,-1.8468,1.3205,0.29624,2.8775,2.8606,-1.1984,-1.1812,-1.2439,2.0953,1.3605,1.9333,0.94887,-3.0328,-0.90158,-1.7532,-1.1135,2.569,0.14144,1.3657,-0.10144,-0.3948,2
0.021687,-1.0797,1.2154,0.26548,2.1097,2.1103,-1.0503,-1.0334,-0.6552,2.1389,1.0167,2.0789,-1.33,-4.6245,-0.77489,-3.9525,0.23363,0.031467,0.23135,1.2451,0.030635,-0.69609,1
0.023471,-1.6718,1.2371,0.34892,3.2034,3.2366,-1.5019,-1.5078,-0.6665,2.2501,1.0835,2.2428,0.44174,0.47879,-0.68177,-1.3976,0.5908,-0.32695,0.16311,1.3069,-0.14021,-0.49337,3
0.018372,-1.3498,1.2832,0.28329,2.4828,2.4506,-1.1803,-1.1863,-1.4791,2.0908,1.0772,2.0903,-1.188,-2.5315,-2.9751,-1.6261,1.9593,1.6549,-0.1628,1.8484,-0.068173,-0.29502,5
0.26304,-2.321,1.8215,0.35475,3.1106,3.1069,-1.6903,-1.6766,-2.1648,2.4579,0.85782,2.5185,-0.99437,0.36737,-0.58326,-4.8367,1.2001,2.4334,0.15476,1.125,0.022225,-0.61454,6
0.02851,-1.848,1.2683,0.34204,3.2316,3.2869,-1.6684,-1.7178,-1.2366,2.3565,0.93,2.3788,-1.3136,-4.7041,-0.79307,-4.0083,0.23551,0.10949,0.093899,1.4829,-0.13619,-0.7222,1
0.0037744,-1.5472,1.2139,0.29861,2.6522,2.5875,-1.2641,-1.2541,-0.8271,2.0496,1.0441,1.9157,0.95078,-3.0271,-0.89239,-1.7555,-1.1402,2.5671,-0.1487,1.3334,-0.21251,-0.52291,2
0.13759,-2.3887,1.4638,0.26083,2.2738,2.2106,-0.99594,-0.98938,-1.6225,1.9682,1.1066,1.9236,0.44306,0.48385,-0.70077,-1.4192,0.56943,-0.26775,0.12675,1.5128,0.088563,-0.38496,3
0.038242,-1.5865,1.3929,0.2676,2.3272,2.3409,-1.0588,-1.0656,-1.5306,2.0629,1.3387,2.0814,-1.1811,-2.5573,-2.8941,-1.5637,1.8608,1.6562,0.28386,1.4016,-0.25668,-0.33792,5
0.031302,-1.4603,1.1024,0.26309,2.3131,2.3413,-0.975,-0.97344,-1.2867,2.2376,1.0829,2.2438,-1.165,-2.7101,-2.8906,-1.7158,2.1122,1.6139,0.24134,1.2769,0.23041,-0.62178,5
0.031686,-1.7751,1.2756,0.35713,3.5147,3.4838,-1.5666,-1.5741,-2.2561,2.4828,2.084,2.5075,0.44425,0.4872,-0.69274,-1.4292,0.56905,-0.32974,0.24929,1.273,-0.033593,-0.4542,3
0.0061775,-1.5231,1.0167,0.29591,2.4944,2.5722,-1.2241,-1.2391,-0.4958,1.9643,-0.0177,2.021,-1.324,-4.6534,-0.76919,-3.957,0.25133,0.036886,0.035435,1.4737,-0.22567,-0.46617,1
0.0094854,-1.6006,1.2194,0.34563,3.0403,3.1,-1.5447,-1.5425,-0.3734,2.2439,1.3225,2.2783,-1.1781,-2.5688,-2.8853,-1.568,1.8452,1.628,0.019696,1.5126,-0.23604,-0.40882,5
0.1425,-2.1639,1.8493,0.42093,3.7419,3.6981,-2.0053,-2.0506,-2.0201,2.6504,1.495,2.6773,0.44471,0.48588,-0.70692,-1.4002,0.57511,-0.26789,0.2445,1.359,0.0040533,-0.61797,3
0.014148,-1.317,1.2765,0.35348,2.9341,2.9625,-1.63,-1.5953,-1.4492,2.4211,1.1722,2.3622,-2.8323,-0.34071,-2.393,-2.7887,-1.5004,0.98124,0.053466,1.3286,0.16987,-0.47252,7
0.013764,-1.3679,1.369,0.34091,2.9347,2.885,-1.5203,-1.5163,-1.4505,2.3586,1.7039,2.235,-2.8408,-0.24707,-2.4017,-2.7361,-1.4339,0.96539,0.24335,1.3428,-0.052174,-0.59483,7
0.035577,-1.8743,1.112,0.37574,3.3584,3.3491,-1.6719,-1.665,-0.8627,1.2011,0.9657,1.152,-0.98746,0.39608,-0.55555,-4.8661,1.1684,2.3933,0.1312,1.382,-0.20735,-0.61109,6
0.18537,-2.3409,1.7958,0.39955,3.4531,3.4797,-1.8838,-1.8634,-1.3298,2.3344,0.8587,2.3026,-1.0417,0.34841,-0.51112,-4.8066,1.1737,2.1821,0.035414,1.5908,-0.32398,-0.53865,6
0.03198,-1.7462,1.5013,0.35365,3.1412,3.1538,-1.5528,-1.5559,-1.4805,2.2447,1.0833,2.2991,-1.1958,-2.3185,-2.8582,-1.5613,2.0134,1.9192,0.11713,1.6511,-0.19589,-0.44319,5
0.14825,-2.9609,1.2516,0.22735,2.1522,2.1691,-0.66781,-0.67531,-0.7813,2.1014,0.551,2.2237,-3.3224,-1.9889,0.4311,-0.82285,0.63174,1.7427,0.14665,1.2696,0.0029862,-0.4961,4
0.024893,-1.6047,1.1852,0.34789,2.8859,2.9159,-1.4412,-1.4425,-0.705,2.1345,0.6761,2.1311,-2.819,-0.28928,-2.3775,-2.7096,-1.4418,0.96848,0.20639,0.82024,-0.10073,-0.48498,7
0.016686,-1.6534,1.1305,0.2628,2.5159,2.5319,-1.0122,-0.99844,-0.9083,2.1265,0.5157,2.0206,0.95129,-3.0247,-0.89609,-1.7829,-1.1255,2.5971,0.1202,1.5688,0.044267,-0.53691,2
0.14448,-2.2748,1.7665,0.33528,3.1369,3.1272,-1.6419,-1.6253,-1.0153,2.3484,0.657,2.3121,0.48335,0.55731,-0.78943,-1.2195,0.67579,0.1278,0.087482,1.5368,-0.11121,-0.63702,3
0.048689,-1.5248,1.4512,0.26086,2.1816,2.1862,-1.0491,-1.055,-1.1394,2.1542,1.7033,2.1709,-1.1728,-2.5735,-2.8751,-1.5785,1.8282,1.6868,0.083426,1.2589,-0.30333,-0.4213,5
0.034774,-1.963,1.165,0.33523,2.9356,2.9553,-1.3038,-1.3184,-1.0705,2.1633,0.6168,2.1959,-3.3356,-1.9929,0.42709,-0.83487,0.5856,1.6212,0.17063,1.384,-0.20202,-0.748,4
0.003042,-1.6505,1.1984,0.3097,2.9984,2.9466,-1.3491,-1.3584,-1.8631,2.1338,-0.0276,1.9278,-1.3239,-4.6727,-0.76701,-3.9906,0.25853,-0.040321,0.25011,1.2914,0.15328,-0.46579,1
0.010846,-2.0539,0.90818,0.30823,2.9003,2.8828,-1.2088,-1.2091,-1.0161,2.1293,1.1905,2.1425,-3.3221,-1.9851,0.41717,-0.82687,0.59974,1.6919,0.18284,1.3973,0.00035764,-0.42902,4
0.014253,-1.2494,1.2269,0.2714,2.3459,2.4013,-1.0525,-1.0272,-1.3442,2.3472,1.2426,2.4144,-1.1749,-2.5814,-2.9011,-1.5636,1.8455,1.6321,0.044377,1.8977,-0.35066,-0.36353,5
0.014199,-1.5639,1.2643,0.28252,2.6812,2.6063,-1.0894,-1.0666,-1.081,2.2203,2.0101,2.0069,0.94699,-3.0265,-0.90704,-1.7639,-1.1141,2.5814,0.068292,1.0961,-0.20454,-0.57625,2
0.051228,-1.2932,1.2197,0.31975,2.7484,2.6878,-1.3541,-1.3494,-1.0513,2.0914,0.9742,2.0259,-1.3668,-4.7779,-0.81631,-4.0033,0.39044,0.1236,0.25686,1.4549,-0.30763,-0.74555,1
0.042808,-1.9692,1.4047,0.40035,3.5428,3.5481,-1.865,-1.8803,-1.1472,2.4494,1.5231,2.4493,-3.3267,-2.0118,0.40636,-0.82164,0.58,1.7096,0.39871,1.6639,-0.14584,-0.48314,4
0.016897,-1.7434,1.3529,0.34597,3.2981,3.2844,-1.5934,-1.6091,-1.3993,2.3744,1.0494,2.3579,-2.8382,-0.26091,-2.3838,-2.7271,-1.46,0.99711,0.26248,1.5209,-0.00073337,-0.29789,7
0.015879,-1.6969,1.2444,0.35129,3.1934,3.1828,-1.5813,-1.6028,-1.3406,2.2458,0.8798,2.2561,-2.8374,-0.22557,-2.3837,-2.7254,-1.5008,0.97683,0.29887,1.4011,-0.040119,-0.58982,7
0.02365,-1.9543,1.3523,0.3715,3.6,3.5981,-1.7141,-1.7341,-1.3539,2.4444,1.5161,2.4683,-3.322,-2.0241,0.41307,-0.84671,0.58761,1.6441,0.083306,1.5782,-0.45832,-0.60718,4
0.012058,-1.8252,1.1332,0.35096,3.2994,3.2625,-1.5444,-1.5488,-1.9923,2.332,1.6971,2.2946,0.44559,0.4959,-0.69775,-1.4018,0.56013,-0.30232,0.012867,1.7439,-0.43653,-0.54761,3
0.010075,-1.8075,0.92282,0.28314,2.4844,2.4919,-1.0469,-1.055,-1.7572,2.2662,0.6899,2.3136,-3.3255,-2.0008,0.38667,-0.86855,0.62603,1.7334,0.033774,1.4942,-0.22226,-0.46767,4
0.0092699,-1.9068,1.0468,0.27855,2.5669,2.5019,-1.1031,-1.1063,-0.3966,2.1003,0.2367,2.0785,-1.3266,-4.6625,-0.78061,-3.9586,0.25334,0.018517,-0.037392,1.3215,-0.18407,-0.42033,1
0.13007,-2.0738,1.665,0.34488,3.1684,3.1625,-1.555,-1.5494,-1.0405,2.3159,0.5654,2.2156,0.40348,0.32227,-0.56112,-1.6585,0.40796,0.14496,0.25539,1.445,-0.25647,-0.50784,3
0.0059988,-1.4245,1.2676,0.21628,2.0131,2.0494,-0.73844,-0.71906,-1.5248,2.2561,0.5453,2.2514,0.94107,-2.9967,-0.90268,-1.7591,-1.0864,2.6163,0.26858,1.7363,-0.16669,-0.43028,2
0.0061886,-1.6021,1.222,0.30444,2.6644,2.6159,-1.2781,-1.2737,-1.4053,2.3097,1.4712,2.1958,-3.3221,-1.9989,0.39567,-0.82807,0.6179,1.6497,0.17772,1.8636,-0.23846,-0.33294,4
0.13641,-2.8859,0.9955,0.30869,2.7659,2.7528,-1.1897,-1.1922,-1.0062,2.1103,1.1772,2.137,-3.3305,-1.9582,0.40761,-0.80178,0.63825,1.6869,-0.0050687,1.0605,-0.039138,-0.73644,4
0.022637,-1.7057,0.84104,0.41198,3.8669,3.8956,-1.9247,-1.9181,-1.1841,2.212,1.0992,2.2945,-2.8405,-0.25556,-2.3819,-2.7172,-1.4577,1.0233,0.22707,1.2827,-0.064337,-0.50229,7
0.0186,-1.9591,0.89479,0.35627,3.3809,3.4347,-1.4809,-1.4531,-0.76226,2.4013,2.1306,2.3228,-3.3234,-1.9955,0.41277,-0.82692,0.58941,1.7197,0.18544,1.2574,-0.056906,-0.50648,4
0.10202,-1.7223,1.7288,0.25849,1.9822,2.0844,-1.0728,-1.0594,-1.2189,2.0212,0.9583,2.1063,0.94935,-3.0326,-0.90257,-1.758,-1.1099,2.5927,0.2312,1.2069,-0.2264,-0.51393,2
0.22881,-1.8816,2.9777,0.40684,3.4034,3.4119,-2.1819,-2.1812,-1.94,2.3763,1.4858,2.1291,-0.98841,0.39237,-0.55931,-4.8777,1.188,2.3347,0.046215,1.3229,-0.2777,-0.43335,6
0.0085638,-1.5689,1.2362,0.35143,2.9906,3.0175,-1.6584,-1.6525,-1.508,2.186,1.2432,2.2738,-2.8379,-0.3505,-2.3311,-2.6335,-1.5453,1.0967,0.14528,1.3963,0.35298,-0.68414,7
0.02323,-1.7552,1.3064,0.34056,3.2072,3.2569,-1.6559,-1.7038,-1.284,2.2656,0.748,2.3207,-1.3353,-4.6385,-0.74957,-3.9653,0.27795,-0.15053,0.18993,1.5454,-0.077507,-0.45835,1
0.025616,-1.471,0.96504,0.28892,2.5991,2.6012,-1.3394,-1.3322,-0.396,2.1164,0.4513,2.0888,-1.326,-4.6501,-0.77463,-3.9821,0.24959,-0.048426,0.038924,1.6891,-0.35953,-0.54752,1
0.172,-1.9352,2.0923,0.37582,3.2266,3.2378,-1.8553,-1.8594,-0.6218,1.4364,0.5684,1.4882,-0.98773,0.39767,-0.55769,-4.8681,1.1726,2.3999,0.20196,1.5893,-0.25141,-0.5286,6
0.021979,-1.6028,1.217,0.36186,3.0997,3.125,-1.5531,-1.5509,-0.8165,2.2073,0.7284,2.2214,-2.8291,-0.34418,-2.3454,-2.6984,-1.4159,1.0328,0.22855,1.7258,0.095432,-0.44897,7
0.039299,-1.3568,1.3317,0.31531,2.8772,2.8256,-1.4222,-1.4294,-1.535,2.1935,1.1636,2.1822,-1.1787,-2.572,-2.8466,-1.5284,1.7504,1.758,0.1301,1.0858,-0.21336,-0.63937,5
0.012113,-1.3533,1.3994,0.32856,2.7856,2.7297,-1.4572,-1.4478,-1.3789,2.3743,1.7258,2.1988,-2.8397,-0.23435,-2.3649,-2.7169,-1.4977,0.9943,-0.15418,1.5347,-0.56711,-0.40703,7
0.055208,-1.8904,1.4784,0.4124,3.8634,3.8672,-1.9128,-1.9131,-1.4878,1.1325,1.5477,1.2417,0.44629,0.48887,-0.70055,-1.4217,0.55505,-0.28127,0.070905,1.1493,-0.11254,-0.58684,3
0.01374,-1.3751,1.1898,0.26737,2.3272,2.245,-1.0503,-1.0184,-0.804,2.057,1.1117,1.7908,0.94919,-3.0197,-0.90051,-1.7641,-1.0982,2.5763,0.043448,1.2526,-0.032079,-0.58861,2
0.27059,-2.7985,1.8894,0.43872,3.6072,3.5872,-2.1828,-2.1991,-1.7301,2.5169,1.1231,2.4203,-0.98893,0.39425,-0.55211,-4.8543,1.1681,2.3616,0.15154,1.4694,-0.0061845,-0.50194,6
0.040899,-1.5356,1.4268,0.33405,2.7769,2.7909,-1.5972,-1.5972,-0.7574,2.0409,1.2285,2.0508,-1.3332,-4.6842,-0.77266,-4.001,0.29725,-0.084703,0.21621,1.1188,-0.19333,-0.48715,1
0.0071243,-1.6053,1.4093,0.31734,2.6422,2.7247,-1.3556,-1.3847,-0.7075,1.959,0.6018,2.3272,-1.3244,-4.6642,-0.76747,-3.9875,0.2691,-0.016453,0.040121,1.2307,-0.092702,-0.50831,1
0.0015158,-1.3787,1.2691,0.22259,2.0653,2.0953,-0.75344,-0.73375,-1.2525,2.1872,0.8706,2.2055,0.94732,-3.0385,-0.90123,-1.7587,-1.0811,2.5855,0.14684,1.2208,-0.085813,-0.70299,2
0.010236,-1.4785,1.0959,0.26675,2.2294,2.2369,-1.125,-1.0991,-0.9267,2.2346,0.692,2.1933,-1.3177,-4.6728,-0.77872,-3.9983,0.31896,-0.0020016,0.065627,1.1975,-0.13,-0.60341,1
0.039355,-1.7664,1.4454,0.40475,3.4778,3.5041,-1.8775,-1.8916,-1.1813,2.2466,0.5204,2.2767,-2.8455,-0.2772,-2.3869,-2.7686,-1.4494,0.9736,0.133,1.4331,0.089242,-0.59523,7
0.10981,-2.0019,1.8207,0.42513,3.6028,3.6028,-2.2975,-2.29,-1.5201,2.5657,1.148,2.4947,-0.99124,0.39266,-0.56182,-4.8592,1.1609,2.4194,0.1504,1.2024,0.086347,-0.72937,6
0.011005,-1.6385,1.0725,0.38165,3.0741,3.0587,-1.7594,-1.7559,-1.3885,2.5012,1.0793,2.4438,-2.8604,-0.32099,-2.4321,-2.5579,-1.485,1.1163,0.023288,1.0646,-0.52273,-0.25249,7
0.026816,-1.8983,1.2148,0.31358,2.9572,2.8906,-1.4775,-1.4491,-1.7406,2.3073,0.7525,1.9627,0.94975,-3.0313,-0.90379,-1.7587,-1.1135,2.5879,0.13061,1.4988,-0.29267,-0.63662,2
0.17526,-2.3159,1.7683,0.40361,3.4362,3.4647,-1.9522,-1.9356,-1.2237,2.3382,0.7859,2.3533,-0.95281,0.56712,-0.55127,-5.139,1.1579,2.5484,0.063249,1.3904,-0.23936,-0.56028,6
0.011664,-1.7123,1.0889,0.32532,3.0581,3.0544,-1.4238,-1.3866,-1.3285,2.1279,1.51,1.914,0.94056,-3.0011,-0.91249,-1.7602,-1.0948,2.5504,0.17444,1.4497,-0.15869,-0.48699,2
0.14394,-1.8935,1.5539,0.35799,3.1272,3.1088,-1.7437,-1.725,-2.3072,2.4318,0.73917,2.3843,-0.98819,0.38698,-0.54937,-4.8672,1.1591,2.364,0.094921,1.3762,-0.087391,-0.61516,6
0.0021266,-1.7379,1.1067,0.24518,2.3347,2.3369,-0.86625,-0.88531,-1.3895,2.2391,1.1794,2.2641,-1.1798,-2.5927,-2.8813,-1.5948,1.8493,1.6737,0.10949,1.1753,-0.16542,-0.58153,5
0.0028927,-1.5285,1.2214,0.32954,2.8434,2.7944,-1.4956,-1.4688,-0.8923,2.191,1.6893,1.9884,0.47134,0.51142,-0.65455,-1.4383,0.63715,-0.25632,0.1096,1.4998,-0.40787,-0.4404,3
0.13321,-2.3392,1.4589,0.28033,2.4081,2.3628,-1.1075,-1.0962,-1.5807,1.9903,1.0961,1.8764,0.45668,0.48784,-0.70089,-1.4169,0.56395,-0.31521,0.013791,1.4135,-0.17095,-0.47561,3
0.046633,-1.648,1.4106,0.29817,2.5003,2.5175,-1.2488,-1.2575,-1.0852,2.1387,1.7238,2.1814,-1.188,-2.547,-2.906,-1.5299,1.8788,1.6851,0.31215,1.0157,0.11793,-0.52825,5
0.15395,-2.1695,1.9136,0.40431,3.5966,3.5694,-1.9272,-1.9581,-1.6941,2.5818,1.3247,2.566,0.44763,0.50254,-0.69428,-1.4079,0.55748,-0.25496,-0.051896,1.5572,-0.42092,-0.54067,3
0.0098033,-1.6086,1.3997,0.35457,3.2513,3.2422,-1.6103,-1.6131,-0.7125,2.2641,0.5013,2.2115,-1.3198,-4.6647,-0.75978,-3.971,0.23704,-0.00877,-9.6904e-05,1.775,-0.4158,-0.4299,1
0.0017224,-1.9151,0.8745,0.30886,2.6816,2.6288,-1.3544,-1.3559,-0.4263,1.9514,-0.0074,1.9744,-1.3236,-4.6727,-0.76108,-3.9939,0.26565,-0.018111,0.32911,1.1805,0.1719,-0.57495,1
0.13771,-2.1436,1.6969,0.30698,2.6272,2.6225,-1.3066,-1.3391,-1.2609,2.0263,1.5064,2.1368,0.44541,0.46487,-0.71271,-1.394,0.55439,-0.26948,0.059635,1.3773,-0.033334,-0.3551,3
0.051859,-1.3266,1.2059,0.31684,2.7609,2.6934,-1.3459,-1.3591,-1.3415,2.1181,0.7744,2.109,-1.3407,-4.6832,-0.78227,-4.0006,0.36753,-0.043293,0.033275,1.385,-0.19672,-0.59883,1
0.041017,-1.7819,1.4306,0.3351,3.1081,3.1034,-1.5375,-1.5319,-0.8541,2.3034,0.4459,2.2357,0.94812,-2.9967,-0.88095,-1.7737,-1.0355,2.3554,0.11951,0.69712,0.23999,-0.65438,2
0.14743,-2.3684,1.3969,0.27096,2.3228,2.2784,-0.99,-0.985,-1.8574,1.959,0.9905,1.9162,0.43583,0.49145,-0.69526,-1.3814,0.54384,-0.24563,0.098067,1.243,-0.12365,-0.63634,3
0.070026,-2.606,1.0934,0.30556,2.7522,2.76,-1.2109,-1.21,-1.3895,2.1757,1.5112,2.1606,-3.3221,-2.0171,0.42038,-0.83944,0.59471,1.7481,0.096444,1.072,0.077841,-0.49101,4
0.0074177,-1.5638,1.1899,0.3574,3.1694,3.2122,-1.5391,-1.5462,-0.4882,2.2066,1.2547,2.2634,-1.1842,-2.585,-2.9034,-1.5849,1.811,1.6143,0.10208,1.0003,-0.18764,-0.4449,5
0.0077699,-1.5077,1.1039,0.26815,2.4531,2.4888,-1.0178,-1.0059,-1.3663,2.2778,1.0075,2.2807,-1.1881,-2.4073,-2.8807,-1.4257,1.5579,1.6624,0.25468,1.3833,0.058128,-0.55004,5
0.017408,-1.6614,1.1655,0.24111,2.1509,2.1478,-0.86406,-0.86719,-1.3561,2.2231,1.1673,2.2359,-1.1791,-2.5291,-2.8807,-1.5868,1.8516,1.6293,0.21064,1.3162,0.064206,-0.39795,5
0.026818,-1.639,1.221,0.3632,2.9534,2.9712,-1.6266,-1.6297,-1.2628,2.2081,1.6172,2.2444,-2.8387,-0.23856,-2.3749,-2.7254,-1.4918,0.91719,0.11087,1.4379,-0.2273,-0.42206,7
0.030451,-1.3385,1.3411,0.28913,2.5506,2.5013,-1.2416,-1.2584,-1.4974,2.114,0.9913,2.1116,-1.1648,-2.5981,-2.8451,-1.5325,1.8371,1.5403,0.49632,0.7877,-0.0066374,-0.87383,5
0.019965,-1.3158,1.2843,0.35861,3.0228,3.0494,-1.6828,-1.6481,-1.6361,2.423,1.0678,2.3819,-2.845,-0.16179,-2.3789,-2.6709,-1.4541,1.0061,0.20673,1.2427,-0.013566,-0.78121,7
0.02803,-1.5176,1.3514,0.2745,2.2703,2.2697,-1.1478,-1.1453,-0.8864,2.1052,1.6552,2.0612,-1.1751,-2.5962,-2.8961,-1.5773,1.8543,1.5806,-0.12591,1.5969,-0.56364,-0.25523,5
0.075205,-2.2649,1.3238,0.36254,3.4325,3.455,-1.7125,-1.7334,-0.909,2.2705,0.4442,2.279,-0.98937,0.37812,-0.55787,-4.8637,1.1625,2.3857,0.24671,1.2412,0.056527,-0.52464,6
0.13512,-2.465,1.4609,0.41998,3.855,3.8262,-2.0059,-1.9863,-1.1101,1.1443,1.2351,1.0336,-0.98861,0.39105,-0.55801,-4.8655,1.1709,2.4199,0.15687,1.5617,-0.31331,-0.32491,6
0.6195,-3.828,2.334,0.29684,2.4863,2.4916,-1.7788,-1.7456,-1.729,2.687,1.7761,2.5173,-1.1788,-2.5672,-2.8704,-1.5633,1.8531,1.6617,-0.031119,1.3853,-0.36885,-0.5839,5
0.013342,-2.199,1.0954,0.33879,3.4925,3.5384,-1.3609,-1.3297,-1.4164,2.4399,2.0011,2.3783,-3.3255,-2.0036,0.40055,-0.83524,0.60011,1.6815,0.11728,1.575,-0.2758,-0.54999,4
0.0028462,-1.509,1.2177,0.30126,2.5134,2.5356,-1.2331,-1.2459,-2.0078,2.0577,0.7548,2.2117,-1.1775,-2.4682,-2.9192,-1.5183,1.899,1.6451,0.36722,1.4857,-0.13454,-0.55446,5
0.027068,-1.6412,1.1392,0.35876,3.0469,3.0734,-1.5197,-1.5178,-0.7458,2.1456,0.6308,2.1458,-2.8689,-0.10225,-2.442,-2.7934,-1.5718,0.94212,0.058524,1.3298,-0.11665,-0.54669,7
0.032603,-1.9472,1.4197,0.35021,3.2509,3.2178,-1.605,-1.5953,-1.6341,2.2306,1.6265,1.9666,0.4455,0.47782,-0.68964,-1.4193,0.58191,-0.25179,0.24014,1.4043,-0.085962,-0.44626,3
0.039937,-1.7161,1.4929,0.39117,3.3231,3.3462,-1.7244,-1.7363,-1.3874,2.2763,0.615,2.2832,-2.8543,-0.23269,-2.3955,-2.6967,-1.5115,0.99506,-0.14015,1.151,-0.10046,-0.62853,7
0.015052,-1.709,1.1047,0.40069,3.2909,3.2675,-1.8972,-1.8934,-1.3588,2.5985,1.1065,2.5649,-2.8294,-0.24671,-2.3654,-2.7508,-1.526,0.98138,0.14322,1.3488,0.1718,-0.60803,7
0.012005,-1.5067,1.3113,0.31988,2.6138,2.6456,-1.3697,-1.3819,-1.9996,2.0454,0.8695,2.1957,-1.1763,-2.6767,-2.8701,-1.6176,1.7939,1.616,-0.064322,1.6234,-0.30914,-0.56562,5
0.38193,-2.822,2.0824,0.3664,3.0531,3.0412,-1.8103,-1.8053,-2.0717,2.5868,1.0797,2.6153,-0.98551,0.43082,-0.54554,-4.8962,1.1571,2.3778,0.03001,1.6102,-0.26601,-0.50245,6
0.0090765,-1.4489,1.1692,0.2948,2.4531,2.5028,-1.0953,-1.1019,-0.4823,2.1374,1.1641,2.1798,-1.1657,-2.5839,-2.8895,-1.5406,1.8797,1.6822,0.22704,1.2765,0.20258,-0.59698,5
0.0084048,-1.5971,1.206,0.35051,3.1888,3.2244,-1.5444,-1.5531,-0.4908,2.2337,1.0498,2.2622,0.4444,0.5356,-0.71768,-1.4303,0.53337,-0.14949,0.42952,0.77448,0.28857,-0.76278,3
0.023101,-1.6926,1.1732,0.26629,2.5441,2.5491,-1.0159,-1.0106,-1.5274,2.1223,0.8849,2.1023,0.94902,-3.0373,-0.90442,-1.7202,-1.0989,2.5557,0.14631,1.3019,-0.11552,-0.65753,2
0.017206,-1.6047,1.0855,0.28456,2.4997,2.49,-1.11,-1.1038,-1.3017,2.1515,1.4173,2.112,-3.3266,-2.03,0.41305,-0.83085,0.59598,1.7262,0.43531,1.381,0.02526,-0.72906,4
0.036827,-1.7983,1.2385,0.39534,3.5578,3.5978,-1.9225,-1.9388,-0.772,2.2807,0.5788,2.3042,-0.9866,0.38687,-0.55822,-4.8462,1.1811,2.4184,0.19939,1.5895,-0.16727,-0.60686,6
0.14052,-2.9258,1.1746,0.2991,3.0259,3.0041,-1.2678,-1.2644,-1.2001,2.3611,1.1221,2.3099,-3.314,-2.058,0.43653,-0.87963,0.55937,1.7493,0.18232,1.3471,-0.26548,-0.28086,4
0.039984,-1.9879,1.303,0.32235,3.1053,3.0922,-1.4981,-1.4934,-1.2584,2.4592,1.2434,2.2175,0.94873,-3.0338,-0.90342,-1.7562,-1.1084,2.5869,0.081183,1.5134,-0.23851,-0.51301,2
0.012001,-1.3135,1.253,0.31501,2.695,2.6769,-1.4063,-1.3966,-1.5615,2.3628,1.0334,2.3561,0.44362,0.47429,-0.70904,-1.3938,0.55919,-0.25724,0.086557,1.3304,-0.11528,-0.75278,3
0.066826,-2.222,1.1311,0.32599,2.8722,2.8563,-1.3881,-1.3819,-0.727,1.3653,0.5347,1.3463,-0.9917,0.39116,-0.55941,-4.8483,1.1678,2.389,0.18076,1.3676,0.13211,-0.56214,6
0.67768,-3.2143,3.2625,0.40831,3.2078,3.2225,-2.3291,-2.32,-1.7764,2.4439,1.7402,2.1158,-0.99021,0.38912,-0.55958,-4.8513,1.1461,2.4366,0.17831,0.94907,-0.0076895,-0.52864,6
0.052536,-1.9578,1.2892,0.38186,3.7553,3.7509,-1.7294,-1.7031,-1.3861,1.3252,1.1898,1.054,0.44431,0.48993,-0.70013,-1.4032,0.55766,-0.2903,0.1974,1.1793,0.12777,-0.64636,3
0.27031,-2.6392,2.033,0.45361,3.7978,3.7572,-2.2697,-2.2763,-1.9197,2.5274,1.1507,2.4299,-0.99346,0.3975,-0.5587,-4.8591,1.1678,2.4048,0.04681,1.3725,-0.10204,-0.61599,6
0.018244,-1.4759,1.2388,0.34363,3.1156,3.0491,-1.6313,-1.6072,-1.2517,2.2619,1.5846,2.0789,0.43961,0.48691,-0.71314,-1.4062,0.5723,-0.25264,0.29919,1.4863,-0.08776,-0.51222,3
0.031903,-1.7124,1.48,0.35343,3.0906,3.1009,-1.5713,-1.5716,-1.4135,2.1915,1.0449,2.2896,-1.1578,-2.7918,-2.909,-1.6223,1.7119,1.4203,-0.037402,1.3186,-0.044062,-0.56365,5
0.052192,-1.7774,1.4594,0.32127,2.96,2.9744,-1.5081,-1.4997,-0.7867,2.2622,0.4567,2.1896,0.97222,-3.1021,-0.9539,-1.734,-1.2082,2.7699,0.39702,1.6893,-0.10337,-0.68469,2
0.03399,-1.7395,0.76607,0.39547,3.7322,3.7653,-1.8716,-1.8481,-1.052,2.2506,1.0674,2.2952,-2.8387,-0.20679,-2.1799,-2.5836,-1.3966,0.9766,0.20302,1.5664,-0.12164,-0.53578,7
0.031595,-1.966,1.5037,0.35546,3.21,3.2194,-1.5956,-1.5997,-1.0575,2.4813,1.7215,2.4846,-3.3221,-1.9523,0.42772,-0.84369,0.63393,1.7332,0.27001,1.1981,-0.041384,-0.77506,4
0.016698,-1.6524,0.97625,0.27739,2.3831,2.3756,-1.1234,-1.1241,-1.3196,2.1889,0.8511,2.1684,-3.3239,-1.9699,0.42064,-0.84838,0.59155,1.7208,0.3276,1.6295,-0.17199,-0.68904,4
0.046663,-1.7448,1.4859,0.389,3.3253,3.3616,-1.7406,-1.7503,-1.3185,2.2992,0.567,2.2956,-2.8112,-0.23785,-2.3826,-2.7121,-1.4817,1.0862,0.22397,1.3487,-0.20346,-0.75923,7
0.00086923,-1.5356,1.3352,0.30493,2.9431,2.8556,-1.2491,-1.2153,-0.4757,2.258,1.1972,2.0267,0.94886,-3.0289,-0.90586,-1.7564,-1.1178,2.5874,0.26494,1.3589,0.14569,-0.49612,2
0.13079,-1.9484,1.7153,0.3733,3.1284,3.1744,-1.6888,-1.7041,-2.1221,2.3317,1.5936,2.5215,-0.9909,0.41604,-0.55593,-4.8639,1.1607,2.3755,0.23378,1.1272,-0.042193,-0.58292,6
0.019107,-1.7478,1.1717,0.20104,2.0316,1.9606,-0.5825,-0.55344,-0.8111,2.1406,1.153,1.9245,0.95287,-3.0287,-0.89856,-1.7626,-1.1106,2.5808,0.19431,1.088,0.091312,-0.54087,2
0.15681,-2.9468,1.316,0.22405,2.0159,2.0347,-0.65625,-0.67188,-0.7491,1.9963,0.4188,2.1507,-3.3277,-2.0034,0.40716,-0.87472,0.5294,1.5907,0.24629,1.3419,-0.012089,-0.46321,4
0.0055739,-1.6758,1.0417,0.32636,3.0184,3.0259,-1.3578,-1.3269,-1.182,2.0455,1.2948,1.914,0.95687,-3.0574,-0.89895,-1.752,-1.1316,2.6049,0.096024,1.0568,-0.04449,-0.64568,2
0.036152,-1.5401,1.3767,0.29877,2.4894,2.4972,-1.3134,-1.3075,-0.7695,2.025,1.2033,2.0277,-1.3121,-4.663,-0.76545,-3.989,0.23317,-0.0042379,0.069945,1.0659,-0.14019,-0.65379,1
0.003701,-1.6254,1.2468,0.24529,2.18,2.1541,-0.90219,-0.9025,-1.6603,2.3763,1.8114,2.2849,-1.1857,-2.5558,-2.9018,-1.5849,1.8361,1.6747,0.14555,1.7794,-0.24083,-0.41145,5
0.0068476,-1.5298,1.3704,0.36275,3.1453,3.0959,-1.7328,-1.7284,-1.8363,2.4457,1.5672,2.3031,-0.97567,0.4087,-0.55038,-4.8783,1.0928,2.4238,0.15118,1.2195,0.04838,-0.38372,6
0.032076,-1.6572,1.2777,0.37217,3.1216,3.1481,-1.7353,-1.7291,-1.2317,2.2525,1.6786,2.2417,-2.8376,-0.23631,-2.3991,-2.7377,-1.4669,1.0454,0.45529,1.0446,0.0058469,-0.53082,7
0.078249,-2.4665,1.2658,0.3295,3.0337,3.0519,-1.2894,-1.2944,-1.049,2.2119,0.6895,2.2151,-3.3187,-2.0101,0.41426,-0.84237,0.61384,1.7915,0.095371,1.2535,-0.037948,-0.5437,4
0.159,-3.0369,1.1941,0.2447,2.2394,2.2522,-0.77063,-0.78375,-1.1477,2.0019,1.4216,2.0305,-3.3268,-2.0048,0.41804,-0.84353,0.61902,1.6895,0.034206,0.78827,0.18332,-0.50036,4
0.0097685,-1.8383,0.92075,0.32501,2.9925,2.9378,-1.4697,-1.4612,-0.3713,2.0857,0.163,2.0505,-1.324,-4.6555,-0.76721,-3.9903,0.28244,-0.061693,0.31475,1.3625,0.0125,-0.52198,1
